subject	session	acquisition	scan	run	tr_ms	water_fat_shift_px	epi_factor	scan_resolution	fov_ap_fh_rl_mm	n_dynamics	n_slices	technique	scan_mode	slice_thickness_mm	slice_gap_mm	te_ms	flip_angle_deg	turbo_factor
01	1	2	T1w		8.28	2.27	1	256  256	256.00  256.00  170.00	1	170	T1TFE	3D	1.000	0.000	3.88	8.000	256
01	1	3	bold	1.0	2297.90	13.92	47	96   94	240.00  116.50  180.00	137	39	FEEPI	MS	2.500	0.500	30.00	90.000	47
01	1	4	bold	1.0	2297.90	13.92	47	96   94	240.00  116.50  180.00	137	39	FEEPI	MS	2.500	0.500	30.00	90.000	47
01	1	5	bold	1.0	2297.90	13.92	47	96   94	240.00  116.50  180.00	137	39	FEEPI	MS	2.500	0.500	30.00	90.000	47
01	1	6	bold	1.0	2297.90	13.92	47	96   94	240.00  116.50  180.00	137	39	FEEPI	MS	2.500	0.500	30.00	90.000	47
01	1	7	bold	2.0	2297.90	13.92	47	96   94	240.00  116.50  180.00	137	39	FEEPI	MS	2.500	0.500	30.00	90.000	47
01	1	8	bold	3.0	2297.90	13.92	47	96   94	240.00  116.50  180.00	137	39	FEEPI	MS	2.500	0.500	30.00	90.000	47
01	1	9	bold	4.0	2297.90	13.92	47	96   94	240.00  116.50  180.00	137	39	FEEPI	MS	2.500	0.500	30.00	90.000	47
01	1	10	T1w		8.28	2.27	1	256  256	256.00  256.00  170.00	1	170	T1TFE	3D	1.000	0.000	3.88	8.000	256
01	1	11	bold	5.0	2297.90	13.92	47	96   94	240.00  116.50  180.00	137	39	FEEPI	MS	2.500	0.500	30.00	90.000	47
01	1	12	bold	6.0	2297.90	13.92	47	96   94	240.00  116.50  180.00	137	39	FEEPI	MS	2.500	0.500	30.00	90.000	47
01	1	13	bold	7.0	2297.90	13.92	47	96   94	240.00  116.50  180.00	137	39	FEEPI	MS	2.500	0.500	30.00	90.000	47
01	1	14	bold	8.0	2297.90	13.92	47	96   94	240.00  116.50  180.00	137	39	FEEPI	MS	2.500	0.500	30.00	90.000	47
01	2	2	T1w		8.28	2.27	1	256  256	256.00  256.00  170.00	1	170	T1TFE	3D	1.000	0.000	3.88	8.000	256
01	2	3	bold	1.0	2297.90	13.92	47	96   94	240.00  116.50  180.00	137	39	FEEPI	MS	2.500	0.500	30.00	90.000	47
01	2	4	bold	2.0	2297.90	13.92	47	96   94	240.00  116.50  180.00	137	39	FEEPI	MS	2.500	0.500	30.00	90.000	47
01	2	5	bold	3.0	2297.90	13.92	47	96   94	240.00  116.50  180.00	137	39	FEEPI	MS	2.500	0.500	30.00	90.000	47
01	2	6	bold	4.0	2297.90	13.92	47	96   94	240.00  116.50  180.00	137	39	FEEPI	MS	2.500	0.500	30.00	90.000	47
01	2	7	T1w		8.28	2.27	1	256  256	256.00  256.00  170.00	1	170	T1TFE	3D	1.000	0.000	3.88	8.000	256
01	2	8	bold	5.0	2297.90	13.92	47	96   94	240.00  116.50  180.00	137	39	FEEPI	MS	2.500	0.500	30.00	90.000	47
01	2	9	bold	6.0	2297.90	13.92	47	96   94	240.00  116.50  180.00	137	39	FEEPI	MS	2.500	0.500	30.00	90.000	47
01	2	10	bold	7.0	2297.90	13.92	47	96   94	240.00  116.50  180.00	137	39	FEEPI	MS	2.500	0.500	30.00	90.000	47
01	2	11	bold	8.0	2297.90	13.92	47	96   94	240.00  116.50  180.00	137	39	FEEPI	MS	2.500	0.500	30.00	90.000	47
03	2	3	T1w		8.28	2.27	1	256  256	256.00  256.00  170.00	1	170	T1TFE	3D	1.000	0.000	3.88	8.000	256
03	2	4	bold	1.0	2297.90	13.92	47	96   94	240.00  116.50  180.00	137	39	FEEPI	MS	2.500	0.500	30.00	90.000	47
03	2	5	bold	2.0	2297.90	13.92	47	96   94	240.00  116.50  180.00	137	39	FEEPI	MS	2.500	0.500	30.00	90.000	47
03	2	6	bold	3.0	2297.90	13.92	47	96   94	240.00  116.50  180.00	137	39	FEEPI	MS	2.500	0.500	30.00	90.000	47
03	2	7	bold	4.0	2297.90	13.92	47	96   94	240.00  116.50  180.00	137	39	FEEPI	MS	2.500	0.500	30.00	90.000	47
03	2	8	T1w		8.28	2.27	1	256  256	256.00  256.00  170.00	1	170	T1TFE	3D	1.000	0.000	3.88	8.000	256
03	2	9	bold	5.0	2297.90	13.92	47	96   94	240.00  116.50  180.00	137	39	FEEPI	MS	2.500	0.500	30.00	90.000	47
03	2	10	bold	6.0	2297.90	13.92	47	96   94	240.00  116.50  180.00	137	39	FEEPI	MS	2.500	0.500	30.00	90.000	47
03	2	11	bold	7.0	2297.90	13.92	47	96   94	240.00  116.50  180.00	137	39	FEEPI	MS	2.500	0.500	30.00	90.000	47
03	2	12	bold	8.0	2297.90	13.92	47	96   94	240.00  116.50  180.00	137	39	FEEPI	MS	2.500	0.500	30.00	90.000	47
04	2	2	T1w		8.28	2.27	1	256  256	256.00  256.00  170.00	1	170	T1TFE	3D	1.000	0.000	3.88	8.000	256
04	2	3	bold	1.0	2297.90	13.92	47	96   94	240.00  116.50  180.00	137	39	FEEPI	MS	2.500	0.500	30.00	90.000	47
04	2	4	bold	2.0	2297.90	13.92	47	96   94	240.00  116.50  180.00	137	39	FEEPI	MS	2.500	0.500	30.00	90.000	47
04	2	5	bold	3.0	2297.90	13.92	47	96   94	240.00  116.50  180.00	137	39	FEEPI	MS	2.500	0.500	30.00	90.000	47
04	2	6	bold	4.0	2297.90	13.92	47	96   94	240.00  116.50  180.00	137	39	FEEPI	MS	2.500	0.500	30.00	90.000	47
04	2	7	T1w		8.28	2.27	1	256  256	256.00  256.00  170.00	1	170	T1TFE	3D	1.000	0.000	3.88	8.000	256
04	2	8	bold	5.0	2297.90	13.92	47	96   94	240.00  116.50  180.00	137	39	FEEPI	MS	2.500	0.500	30.00	90.000	47
04	2	9	bold	6.0	2297.90	13.92	47	96   94	240.00  116.50  180.00	137	39	FEEPI	MS	2.500	0.500	30.00	90.000	47
04	2	10	bold	7.0	2297.90	13.92	47	96   94	240.00  116.50  180.00	137	39	FEEPI	MS	2.500	0.500	30.00	90.000	47
04	2	11	bold	8.0	2297.90	13.92	47	96   94	240.00  116.50  180.00	137	39	FEEPI	MS	2.500	0.500	30.00	90.000	47
05	1	3	T1w		8.28	2.27	1	256  256	256.00  256.00  170.00	1	170	T1TFE	3D	1.000	0.000	3.88	8.000	256
05	1	4	bold	1.0	2297.90	13.92	47	96   94	240.00  116.50  180.00	137	39	FEEPI	MS	2.500	0.500	30.00	90.000	47
05	1	5	bold	2.0	2297.90	13.92	47	96   94	240.00  116.50  180.00	137	39	FEEPI	MS	2.500	0.500	30.00	90.000	47
05	1	6	bold	3.0	2297.90	13.92	47	96   94	240.00  116.50  180.00	137	39	FEEPI	MS	2.500	0.500	30.00	90.000	47
05	1	7	bold	4.0	2297.90	13.92	47	96   94	240.00  116.50  180.00	137	39	FEEPI	MS	2.500	0.500	30.00	90.000	47
05	1	8	T1w		8.28	2.27	1	256  256	256.00  256.00  170.00	1	170	T1TFE	3D	1.000	0.000	3.88	8.000	256
05	1	9	bold	5.0	2297.90	13.92	47	96   94	240.00  116.50  180.00	137	39	FEEPI	MS	2.500	0.500	30.00	90.000	47
05	1	10	bold	6.0	2297.90	13.92	47	96   94	240.00  116.50  180.00	137	39	FEEPI	MS	2.500	0.500	30.00	90.000	47
05	1	11	bold	7.0	2297.90	13.92	47	96   94	240.00  116.50  180.00	137	39	FEEPI	MS	2.500	0.500	30.00	90.000	47
05	1	12	bold	8.0	2297.90	13.92	47	96   94	240.00  116.50  180.00	137	39	FEEPI	MS	2.500	0.500	30.00	90.000	47
05	2	4	T1w		8.28	2.27	1	256  256	256.00  256.00  170.00	1	170	T1TFE	3D	1.000	0.000	3.88	8.000	256
05	2	5	bold	1.0	2297.90	13.92	47	96   94	240.00  116.50  180.00	137	39	FEEPI	MS	2.500	0.500	30.00	90.000	47
05	2	6	bold	2.0	2297.90	13.92	47	96   94	240.00  116.50  180.00	137	39	FEEPI	MS	2.500	0.500	30.00	90.000	47
05	2	7	bold	3.0	2297.90	13.92	47	96   94	240.00  116.50  180.00	137	39	FEEPI	MS	2.500	0.500	30.00	90.000	47
05	2	8	bold	4.0	2297.90	13.92	47	96   94	240.00  116.50  180.00	137	39	FEEPI	MS	2.500	0.500	30.00	90.000	47
05	2	9	T1w		8.28	2.27	1	256  256	256.00  256.00  170.00	1	170	T1TFE	3D	1.000	0.000	3.88	8.000	256
05	2	10	bold	5.0	2297.90	13.92	47	96   94	240.00  116.50  180.00	137	39	FEEPI	MS	2.500	0.500	30.00	90.000	47
05	2	11	bold	6.0	2297.90	13.92	47	96   94	240.00  116.50  180.00	137	39	FEEPI	MS	2.500	0.500	30.00	90.000	47
05	2	12	bold	7.0	2297.90	13.92	47	96   94	240.00  116.50  180.00	137	39	FEEPI	MS	2.500	0.500	30.00	90.000	47
05	2	13	bold	8.0	2297.90	13.92	47	96   94	240.00  116.50  180.00	137	39	FEEPI	MS	2.500	0.500	30.00	90.000	47
06	1	2	T1w		8.28	2.27	1	256  256	256.00  256.00  170.00	1	170	T1TFE	3D	1.000	0.000	3.88	8.000	256
06	1	3	bold	1.0	2297.90	13.92	47	96   94	240.00  116.50  180.00	137	39	FEEPI	MS	2.500	0.500	30.00	90.000	47
06	1	4	bold	2.0	2297.90	13.92	47	96   94	240.00  116.50  180.00	137	39	FEEPI	MS	2.500	0.500	30.00	90.000	47
06	1	5	bold	3.0	2297.90	13.92	47	96   94	240.00  116.50  180.00	137	39	FEEPI	MS	2.500	0.500	30.00	90.000	47
06	1	6	bold	4.0	2297.90	13.92	47	96   94	240.00  116.50  180.00	137	39	FEEPI	MS	2.500	0.500	30.00	90.000	47
06	1	7	T1w		8.28	2.27	1	256  256	256.00  256.00  170.00	1	170	T1TFE	3D	1.000	0.000	3.88	8.000	256
06	1	8	bold	5.0	2297.90	13.92	47	96   94	240.00  116.50  180.00	137	39	FEEPI	MS	2.500	0.500	30.00	90.000	47
06	1	9	bold	6.0	2297.90	13.92	47	96   94	240.00  116.50  180.00	137	39	FEEPI	MS	2.500	0.500	30.00	90.000	47
06	1	10	bold	7.0	2297.90	13.92	47	96   94	240.00  116.50  180.00	137	39	FEEPI	MS	2.500	0.500	30.00	90.000	47
06	1	11	bold	8.0	2297.90	13.92	47	96   94	240.00  116.50  180.00	137	39	FEEPI	MS	2.500	0.500	30.00	90.000	47
06	2	2	T1w		8.28	2.27	1	256  256	256.00  256.00  170.00	1	170	T1TFE	3D	1.000	0.000	3.88	8.000	256
06	2	3	bold	1.0	2297.90	13.92	47	96   94	240.00  116.50  180.00	137	39	FEEPI	MS	2.500	0.500	30.00	90.000	47
06	2	4	bold	2.0	2297.90	13.92	47	96   94	240.00  116.50  180.00	137	39	FEEPI	MS	2.500	0.500	30.00	90.000	47
06	2	5	bold	3.0	2297.90	13.92	47	96   94	240.00  116.50  180.00	137	39	FEEPI	MS	2.500	0.500	30.00	90.000	47
06	2	6	bold	4.0	2297.90	13.92	47	96   94	240.00  116.50  180.00	137	39	FEEPI	MS	2.500	0.500	30.00	90.000	47
06	2	7	T1w		8.28	2.27	1	256  256	256.00  256.00  170.00	1	170	T1TFE	3D	1.000	0.000	3.88	8.000	256
06	2	8	bold	5.0	2297.90	13.92	47	96   94	240.00  116.50  180.00	137	39	FEEPI	MS	2.500	0.500	30.00	90.000	47
06	2	9	bold	6.0	2297.90	13.92	47	96   94	240.00  116.50  180.00	137	39	FEEPI	MS	2.500	0.500	30.00	90.000	47
06	2	10	bold	7.0	2297.90	13.92	47	96   94	240.00  116.50  180.00	137	39	FEEPI	MS	2.500	0.500	30.00	90.000	47
06	2	11	bold	8.0	2297.90	13.92	47	96   94	240.00  116.50  180.00	137	39	FEEPI	MS	2.500	0.500	30.00	90.000	47
07	1	2	T1w		8.28	2.27	1	256  256	256.00  256.00  170.00	1	170	T1TFE	3D	1.000	0.000	3.88	8.000	256
07	1	3	bold	1.0	2297.90	13.92	47	96   94	240.00  116.50  180.00	137	39	FEEPI	MS	2.500	0.500	30.00	90.000	47
07	1	4	bold	2.0	2297.90	13.92	47	96   94	240.00  116.50  180.00	137	39	FEEPI	MS	2.500	0.500	30.00	90.000	47
07	1	5	bold	3.0	2297.90	13.92	47	96   94	240.00  116.50  180.00	137	39	FEEPI	MS	2.500	0.500	30.00	90.000	47
07	1	6	bold	4.0	2297.90	13.92	47	96   94	240.00  116.50  180.00	137	39	FEEPI	MS	2.500	0.500	30.00	90.000	47
07	1	7	T1w		8.28	2.27	1	256  256	256.00  256.00  170.00	1	170	T1TFE	3D	1.000	0.000	3.88	8.000	256
07	1	8	bold	5.0	2297.90	13.92	47	96   94	240.00  116.50  180.00	137	39	FEEPI	MS	2.500	0.500	30.00	90.000	47
07	1	9	bold	6.0	2297.90	13.92	47	96   94	240.00  116.50  180.00	137	39	FEEPI	MS	2.500	0.500	30.00	90.000	47
07	1	10	bold	7.0	2297.90	13.92	47	96   94	240.00  116.50  180.00	137	39	FEEPI	MS	2.500	0.500	30.00	90.000	47
07	1	11	bold	8.0	2297.90	13.92	47	96   94	240.00  116.50  180.00	137	39	FEEPI	MS	2.500	0.500	30.00	90.000	47
07	2	2	T1w		8.28	2.27	1	256  256	256.00  256.00  170.00	1	170	T1TFE	3D	1.000	0.000	3.88	8.000	256
07	2	3	bold	1.0	2297.90	13.92	47	96   94	240.00  116.50  180.00	137	39	FEEPI	MS	2.500	0.500	30.00	90.000	47
07	2	4	bold	2.0	2297.90	13.92	47	96   94	240.00  116.50  180.00	137	39	FEEPI	MS	2.500	0.500	30.00	90.000	47
07	2	5	bold	3.0	2297.90	13.92	47	96   94	240.00  116.50  180.00	137	39	FEEPI	MS	2.500	0.500	30.00	90.000	47
07	2	6	bold	4.0	2297.90	13.92	47	96   94	240.00  116.50  180.00	137	39	FEEPI	MS	2.500	0.500	30.00	90.000	47
07	2	7	T1w		8.28	2.27	1	256  256	256.00  256.00  170.00	1	170	T1TFE	3D	1.000	0.000	3.88	8.000	256
07	2	8	bold	5.0	2297.90	13.92	47	96   94	240.00  116.50  180.00	137	39	FEEPI	MS	2.500	0.500	30.00	90.000	47
07	2	9	bold	6.0	2297.90	13.92	47	96   94	240.00  116.50  180.00	137	39	FEEPI	MS	2.500	0.500	30.00	90.000	47
07	2	10	bold	7.0	2297.90	13.92	47	96   94	240.00  116.50  180.00	137	39	FEEPI	MS	2.500	0.500	30.00	90.000	47
07	2	11	bold	8.0	2297.90	13.92	47	96   94	240.00  116.50  180.00	137	39	FEEPI	MS	2.500	0.500	30.00	90.000	47
08	1	3	T1w		8.28	2.27	1	256  256	256.00  256.00  170.00	1	170	T1TFE	3D	1.000	0.000	3.88	8.000	256
08	1	4	bold	1.0	2297.90	13.92	47	96   94	240.00  116.50  180.00	137	39	FEEPI	MS	2.500	0.500	30.00	90.000	47
08	1	5	bold	2.0	2297.90	13.92	47	96   94	240.00  116.50  180.00	137	39	FEEPI	MS	2.500	0.500	30.00	90.000	47
08	1	6	bold	3.0	2297.90	13.92	47	96   94	240.00  116.50  180.00	137	39	FEEPI	MS	2.500	0.500	30.00	90.000	47
08	1	7	bold	4.0	2297.90	13.92	47	96   94	240.00  116.50  180.00	137	39	FEEPI	MS	2.500	0.500	30.00	90.000	47
08	1	8	T1w		8.28	2.27	1	256  256	256.00  256.00  170.00	1	170	T1TFE	3D	1.000	0.000	3.88	8.000	256
08	1	9	bold	5.0	2297.90	13.92	47	96   94	240.00  116.50  180.00	137	39	FEEPI	MS	2.500	0.500	30.00	90.000	47
08	1	10	bold	6.0	2297.90	13.92	47	96   94	240.00  116.50  180.00	137	39	FEEPI	MS	2.500	0.500	30.00	90.000	47
08	1	11	bold	7.0	2299.08	13.95	47	96   94	180.00  116.50  240.00	137	39	FEEPI	MS	2.500	0.500	30.00	90.000	47
08	1	12	bold	8.0	2297.90	13.92	47	96   94	240.00  116.50  180.00	137	39	FEEPI	MS	2.500	0.500	30.00	90.000	47
08	2	2	T1w		8.28	2.27	1	256  256	256.00  256.00  170.00	1	170	T1TFE	3D	1.000	0.000	3.88	8.000	256
08	2	3	bold	1.0	2297.90	13.92	47	96   94	240.00  116.50  180.00	137	39	FEEPI	MS	2.500	0.500	30.00	90.000	47
08	2	4	bold	2.0	2297.90	13.92	47	96   94	240.00  116.50  180.00	137	39	FEEPI	MS	2.500	0.500	30.00	90.000	47
08	2	5	bold	3.0	2297.90	13.92	47	96   94	240.00  116.50  180.00	137	39	FEEPI	MS	2.500	0.500	30.00	90.000	47
08	2	6	bold	4.0	2297.90	13.92	47	96   94	240.00  116.50  180.00	137	39	FEEPI	MS	2.500	0.500	30.00	90.000	47
08	2	7	T1w		8.28	2.27	1	256  256	256.00  256.00  170.00	1	170	T1TFE	3D	1.000	0.000	3.88	8.000	256
08	2	8	bold	5.0	2297.90	13.92	47	96   94	240.00  116.50  180.00	137	39	FEEPI	MS	2.500	0.500	30.00	90.000	47
08	2	9	bold	6.0	2297.90	13.92	47	96   94	240.00  116.50  180.00	137	39	FEEPI	MS	2.500	0.500	30.00	90.000	47
08	2	10	bold	7.0	2297.90	13.92	47	96   94	240.00  116.50  180.00	137	39	FEEPI	MS	2.500	0.500	30.00	90.000	47
08	2	11	bold	8.0	2297.90	13.92	47	96   94	240.00  116.50  180.00	137	39	FEEPI	MS	2.500	0.500	30.00	90.000	47
09	1	2	T1w		8.28	2.27	1	256  256	256.00  256.00  170.00	1	170	T1TFE	3D	1.000	0.000	3.88	8.000	256
09	1	3	bold	1.0	2297.90	13.92	47	96   94	240.00  116.50  180.00	137	39	FEEPI	MS	2.500	0.500	30.00	90.000	47
09	1	4	bold	2.0	2297.90	13.92	47	96   94	240.00  116.50  180.00	137	39	FEEPI	MS	2.500	0.500	30.00	90.000	47
09	1	5	bold	3.0	2297.90	13.92	47	96   94	240.00  116.50  180.00	137	39	FEEPI	MS	2.500	0.500	30.00	90.000	47
09	1	6	bold	4.0	2297.90	13.92	47	96   94	240.00  116.50  180.00	137	39	FEEPI	MS	2.500	0.500	30.00	90.000	47
09	1	7	T1w		8.28	2.27	1	256  256	256.00  256.00  170.00	1	170	T1TFE	3D	1.000	0.000	3.88	8.000	256
09	1	8	bold	5.0	2297.90	13.92	47	96   94	240.00  116.50  180.00	137	39	FEEPI	MS	2.500	0.500	30.00	90.000	47
09	1	9	bold	6.0	2297.90	13.92	47	96   94	240.00  116.50  180.00	137	39	FEEPI	MS	2.500	0.500	30.00	90.000	47
09	1	10	bold	7.0	2297.90	13.92	47	96   94	240.00  116.50  180.00	137	39	FEEPI	MS	2.500	0.500	30.00	90.000	47
09	1	11	bold	8.0	2297.90	13.92	47	96   94	240.00  116.50  180.00	137	39	FEEPI	MS	2.500	0.500	30.00	90.000	47
09	2	3	T1w		8.28	2.27	1	256  256	256.00  256.00  170.00	1	170	T1TFE	3D	1.000	0.000	3.88	8.000	256
09	2	4	bold	1.0	2297.90	13.92	47	96   94	240.00  116.50  180.00	137	39	FEEPI	MS	2.500	0.500	30.00	90.000	47
09	2	5	bold	2.0	2297.90	13.92	47	96   94	240.00  116.50  180.00	137	39	FEEPI	MS	2.500	0.500	30.00	90.000	47
09	2	6	bold	3.0	2297.90	13.92	47	96   94	240.00  116.50  180.00	137	39	FEEPI	MS	2.500	0.500	30.00	90.000	47
09	2	7	bold	4.0	2297.90	13.92	47	96   94	240.00  116.50  180.00	137	39	FEEPI	MS	2.500	0.500	30.00	90.000	47
09	2	8	T1w		8.28	2.27	1	256  256	256.00  256.00  170.00	1	170	T1TFE	3D	1.000	0.000	3.88	8.000	256
09	2	9	bold	5.0	2297.90	13.92	47	96   94	240.00  116.50  180.00	137	39	FEEPI	MS	2.500	0.500	30.00	90.000	47
09	2	10	bold	6.0	2297.90	13.92	47	96   94	240.00  116.50  180.00	137	39	FEEPI	MS	2.500	0.500	30.00	90.000	47
09	2	11	bold	7.0	2297.90	13.92	47	96   94	240.00  116.50  180.00	137	39	FEEPI	MS	2.500	0.500	30.00	90.000	47
09	2	12	bold	8.0	2297.90	13.92	47	96   94	240.00  116.50  180.00	137	39	FEEPI	MS	2.500	0.500	30.00	90.000	47
10	1	2	T1w		8.28	2.27	1	256  256	256.00  256.00  170.00	1	170	T1TFE	3D	1.000	0.000	3.88	8.000	256
10	1	3	bold	1.0	2297.90	13.92	47	96   94	240.00  116.50  180.00	137	39	FEEPI	MS	2.500	0.500	30.00	90.000	47
10	1	4	bold	2.0	2297.90	13.92	47	96   94	240.00  116.50  180.00	137	39	FEEPI	MS	2.500	0.500	30.00	90.000	47
10	1	5	bold	3.0	2297.90	13.92	47	96   94	240.00  116.50  180.00	137	39	FEEPI	MS	2.500	0.500	30.00	90.000	47
10	1	6	bold	4.0	2297.90	13.92	47	96   94	240.00  116.50  180.00	137	39	FEEPI	MS	2.500	0.500	30.00	90.000	47
10	1	7	T1w		8.28	2.27	1	256  256	256.00  256.00  170.00	1	170	T1TFE	3D	1.000	0.000	3.88	8.000	256
10	1	8	bold	5.0	2297.90	13.92	47	96   94	240.00  116.50  180.00	137	39	FEEPI	MS	2.500	0.500	30.00	90.000	47
10	1	9	bold	6.0	2297.90	13.92	47	96   94	240.00  116.50  180.00	137	39	FEEPI	MS	2.500	0.500	30.00	90.000	47
10	1	10	bold	7.0	2297.90	13.92	47	96   94	240.00  116.50  180.00	137	39	FEEPI	MS	2.500	0.500	30.00	90.000	47
10	1	11	bold	8.0	2297.90	13.92	47	96   94	240.00  116.50  180.00	137	39	FEEPI	MS	2.500	0.500	30.00	90.000	47
10	2	2	T1w		8.28	2.27	1	256  256	256.00  256.00  170.00	1	170	T1TFE	3D	1.000	0.000	3.88	8.000	256
10	2	3	bold	1.0	2297.90	13.92	47	96   94	240.00  116.50  180.00	137	39	FEEPI	MS	2.500	0.500	30.00	90.000	47
10	2	4	bold	2.0	2297.90	13.92	47	96   94	240.00  116.50  180.00	137	39	FEEPI	MS	2.500	0.500	30.00	90.000	47
10	2	5	bold	3.0	2297.90	13.92	47	96   94	240.00  116.50  180.00	137	39	FEEPI	MS	2.500	0.500	30.00	90.000	47
10	2	6	bold	4.0	2297.90	13.92	47	96   94	240.00  116.50  180.00	137	39	FEEPI	MS	2.500	0.500	30.00	90.000	47
10	2	7	T1w		8.28	2.27	1	256  256	256.00  256.00  170.00	1	170	T1TFE	3D	1.000	0.000	3.88	8.000	256
10	2	8	bold	5.0	2297.90	13.92	47	96   94	240.00  116.50  180.00	137	39	FEEPI	MS	2.500	0.500	30.00	90.000	47
10	2	9	bold	6.0	2297.90	13.92	47	96   94	240.00  116.50  180.00	137	39	FEEPI	MS	2.500	0.500	30.00	90.000	47
10	2	10	bold	7.0	2297.90	13.92	47	96   94	240.00  116.50  180.00	137	39	FEEPI	MS	2.500	0.500	30.00	90.000	47
10	2	11	bold	8.0	2297.90	13.92	47	96   94	240.00  116.50  180.00	137	39	FEEPI	MS	2.500	0.500	30.00	90.000	47
11	1	2	T1w		8.28	2.27	1	256  256	256.00  256.00  170.00	1	170	T1TFE	3D	1.000	0.000	3.88	8.000	256
11	1	3	bold	1.0	2297.90	13.92	47	96   94	240.00  116.50  180.00	137	39	FEEPI	MS	2.500	0.500	30.00	90.000	47
11	1	4	bold	2.0	2297.90	13.92	47	96   94	240.00  116.50  180.00	137	39	FEEPI	MS	2.500	0.500	30.00	90.000	47
11	1	5	bold	3.0	2297.90	13.92	47	96   94	240.00  116.50  180.00	137	39	FEEPI	MS	2.500	0.500	30.00	90.000	47
11	1	6	bold	4.0	2297.90	13.92	47	96   94	240.00  116.50  180.00	137	39	FEEPI	MS	2.500	0.500	30.00	90.000	47
11	1	7	T1w		8.28	2.27	1	256  256	256.00  256.00  170.00	1	170	T1TFE	3D	1.000	0.000	3.88	8.000	256
11	1	8	bold	5.0	2297.90	13.92	47	96   94	240.00  116.50  180.00	137	39	FEEPI	MS	2.500	0.500	30.00	90.000	47
11	1	9	bold	6.0	2297.90	13.92	47	96   94	240.00  116.50  180.00	137	39	FEEPI	MS	2.500	0.500	30.00	90.000	47
11	1	10	bold	7.0	2297.90	13.92	47	96   94	240.00  116.50  180.00	137	39	FEEPI	MS	2.500	0.500	30.00	90.000	47
11	1	11	bold	8.0	2297.90	13.92	47	96   94	240.00  116.50  180.00	137	39	FEEPI	MS	2.500	0.500	30.00	90.000	47
12	1	3	T1w		8.28	2.27	1	256  256	256.00  256.00  170.00	1	170	T1TFE	3D	1.000	0.000	3.88	8.000	256
12	1	4	bold	1.0	2297.90	13.92	47	96   94	240.00  116.50  180.00	137	39	FEEPI	MS	2.500	0.500	30.00	90.000	47
12	1	5	bold	2.0	2297.90	13.92	47	96   94	240.00  116.50  180.00	137	39	FEEPI	MS	2.500	0.500	30.00	90.000	47
12	1	6	bold	3.0	2297.90	13.92	47	96   94	240.00  116.50  180.00	137	39	FEEPI	MS	2.500	0.500	30.00	90.000	47
12	1	7	bold	4.0	2297.90	13.92	47	96   94	240.00  116.50  180.00	137	39	FEEPI	MS	2.500	0.500	30.00	90.000	47
12	1	8	T1w		8.28	2.27	1	256  256	256.00  256.00  170.00	1	170	T1TFE	3D	1.000	0.000	3.88	8.000	256
12	1	9	bold	5.0	2297.90	13.92	47	96   94	240.00  116.50  180.00	137	39	FEEPI	MS	2.500	0.500	30.00	90.000	47
12	1	10	bold	6.0	2297.90	13.92	47	96   94	240.00  116.50  180.00	137	39	FEEPI	MS	2.500	0.500	30.00	90.000	47
12	1	11	bold	7.0	2297.90	13.92	47	96   94	240.00  116.50  180.00	137	39	FEEPI	MS	2.500	0.500	30.00	90.000	47
12	1	12	bold	8.0	2297.90	13.92	47	96   94	240.00  116.50  180.00	137	39	FEEPI	MS	2.500	0.500	30.00	90.000	47
12	2	4	T1w		8.28	2.27	1	256  256	256.00  256.00  170.00	1	170	T1TFE	3D	1.000	0.000	3.88	8.000	256
12	2	5	bold	1.0	2297.90	13.92	47	96   94	240.00  116.50  180.00	137	39	FEEPI	MS	2.500	0.500	30.00	90.000	47
12	2	6	bold	2.0	2297.90	13.92	47	96   94	240.00  116.50  180.00	137	39	FEEPI	MS	2.500	0.500	30.00	90.000	47
12	2	7	bold	3.0	2297.90	13.92	47	96   94	240.00  116.50  180.00	137	39	FEEPI	MS	2.500	0.500	30.00	90.000	47
12	2	8	bold	4.0	2297.90	13.92	47	96   94	240.00  116.50  180.00	137	39	FEEPI	MS	2.500	0.500	30.00	90.000	47
12	2	9	T1w		8.28	2.27	1	256  256	256.00  256.00  170.00	1	170	T1TFE	3D	1.000	0.000	3.88	8.000	256
12	2	10	bold	5.0	2297.90	13.92	47	96   94	240.00  116.50  180.00	137	39	FEEPI	MS	2.500	0.500	30.00	90.000	47
12	2	11	bold	6.0	2297.90	13.92	47	96   94	240.00  116.50  180.00	137	39	FEEPI	MS	2.500	0.500	30.00	90.000	47
12	2	12	bold	7.0	2297.90	13.92	47	96   94	240.00  116.50  180.00	137	39	FEEPI	MS	2.500	0.500	30.00	90.000	47
12	2	13	bold	8.0	2297.90	13.92	47	96   94	240.00  116.50  180.00	137	39	FEEPI	MS	2.500	0.500	30.00	90.000	47
12	2	2	T1w		8.28	2.27	1	256  256	256.00  256.00  170.00	1	170	T1TFE	3D	1.000	0.000	3.88	8.000	256
12	2	3	bold	1.0	2297.90	13.92	47	96   94	240.00  116.50  180.00	137	39	FEEPI	MS	2.500	0.500	30.00	90.000	47
12	2	4	bold	2.0	2297.90	13.92	47	96   94	240.00  116.50  180.00	137	39	FEEPI	MS	2.500	0.500	30.00	90.000	47
12	2	5	bold	3.0	2297.90	13.92	47	96   94	240.00  116.50  180.00	137	39	FEEPI	MS	2.500	0.500	30.00	90.000	47
12	2	6	bold	4.0	2297.90	13.92	47	96   94	240.00  116.50  180.00	137	39	FEEPI	MS	2.500	0.500	30.00	90.000	47
12	2	7	T1w		8.28	2.27	1	256  256	256.00  256.00  170.00	1	170	T1TFE	3D	1.000	0.000	3.88	8.000	256
12	2	8	bold	5.0	2297.90	13.92	47	96   94	240.00  116.50  180.00	137	39	FEEPI	MS	2.500	0.500	30.00	90.000	47
12	2	9	bold	6.0	2297.90	13.92	47	96   94	240.00  116.50  180.00	137	39	FEEPI	MS	2.500	0.500	30.00	90.000	47
12	2	10	bold	7.0	2297.90	13.92	47	96   94	240.00  116.50  180.00	137	39	FEEPI	MS	2.500	0.500	30.00	90.000	47
12	2	11	bold	8.0	2297.90	13.92	47	96   94	240.00  116.50  180.00	137	39	FEEPI	MS	2.500	0.500	30.00	90.000	47
13	1	3	T1w		8.28	2.27	1	256  256	256.00  256.00  170.00	1	170	T1TFE	3D	1.000	0.000	3.88	8.000	256
13	1	4	bold	1.0	2297.90	13.92	47	96   94	240.00  116.50  180.00	137	39	FEEPI	MS	2.500	0.500	30.00	90.000	47
13	1	5	bold	2.0	2297.90	13.92	47	96   94	240.00  116.50  180.00	137	39	FEEPI	MS	2.500	0.500	30.00	90.000	47
13	1	6	bold	3.0	2297.90	13.92	47	96   94	240.00  116.50  180.00	137	39	FEEPI	MS	2.500	0.500	30.00	90.000	47
13	1	7	bold	4.0	2297.90	13.92	47	96   94	240.00  116.50  180.00	137	39	FEEPI	MS	2.500	0.500	30.00	90.000	47
13	1	8	T1w		8.28	2.27	1	256  256	256.00  256.00  170.00	1	170	T1TFE	3D	1.000	0.000	3.88	8.000	256
13	1	9	bold	5.0	2297.90	13.92	47	96   94	240.00  116.50  180.00	137	39	FEEPI	MS	2.500	0.500	30.00	90.000	47
13	1	10	bold	6.0	2297.90	13.92	47	96   94	240.00  116.50  180.00	137	39	FEEPI	MS	2.500	0.500	30.00	90.000	47
13	1	11	bold	7.0	2297.90	13.92	47	96   94	240.00  116.50  180.00	137	39	FEEPI	MS	2.500	0.500	30.00	90.000	47
13	1	12	bold	8.0	2297.90	13.92	47	96   94	240.00  116.50  180.00	137	39	FEEPI	MS	2.500	0.500	30.00	90.000	47
13	2	2	T1w		8.28	2.27	1	256  256	256.00  256.00  170.00	1	170	T1TFE	3D	1.000	0.000	3.88	8.000	256
13	2	3	bold	1.0	2297.90	13.92	47	96   94	240.00  116.50  180.00	137	39	FEEPI	MS	2.500	0.500	30.00	90.000	47
13	2	4	bold	2.0	2297.90	13.92	47	96   94	240.00  116.50  180.00	137	39	FEEPI	MS	2.500	0.500	30.00	90.000	47
13	2	5	bold	3.0	2297.90	13.92	47	96   94	240.00  116.50  180.00	137	39	FEEPI	MS	2.500	0.500	30.00	90.000	47
13	2	6	bold	4.0	2297.90	13.92	47	96   94	240.00  116.50  180.00	137	39	FEEPI	MS	2.500	0.500	30.00	90.000	47
13	2	7	T1w		8.28	2.27	1	256  256	256.00  256.00  170.00	1	170	T1TFE	3D	1.000	0.000	3.88	8.000	256
13	2	8	bold	5.0	2297.90	13.92	47	96   94	240.00  116.50  180.00	137	39	FEEPI	MS	2.500	0.500	30.00	90.000	47
13	2	9	bold	6.0	2297.90	13.92	47	96   94	240.00  116.50  180.00	137	39	FEEPI	MS	2.500	0.500	30.00	90.000	47
13	2	10	bold	7.0	2297.90	13.92	47	96   94	240.00  116.50  180.00	137	39	FEEPI	MS	2.500	0.500	30.00	90.000	47
13	2	11	bold	8.0	2297.90	13.92	47	96   94	240.00  116.50  180.00	137	39	FEEPI	MS	2.500	0.500	30.00	90.000	47
14	1	3	T1w		8.28	2.27	1	256  256	256.00  256.00  170.00	1	170	T1TFE	3D	1.000	0.000	3.88	8.000	256
14	1	4	bold	1.0	2297.90	13.92	47	96   94	240.00  116.50  180.00	137	39	FEEPI	MS	2.500	0.500	30.00	90.000	47
14	1	5	bold	2.0	2297.90	13.92	47	96   94	240.00  116.50  180.00	137	39	FEEPI	MS	2.500	0.500	30.00	90.000	47
14	1	6	bold	3.0	2297.90	13.92	47	96   94	240.00  116.50  180.00	137	39	FEEPI	MS	2.500	0.500	30.00	90.000	47
14	1	7	bold	4.0	2297.90	13.92	47	96   94	240.00  116.50  180.00	137	39	FEEPI	MS	2.500	0.500	30.00	90.000	47
14	1	8	T1w		8.28	2.27	1	256  256	256.00  256.00  170.00	1	170	T1TFE	3D	1.000	0.000	3.88	8.000	256
14	1	9	bold	5.0	2297.90	13.92	47	96   94	240.00  116.50  180.00	137	39	FEEPI	MS	2.500	0.500	30.00	90.000	47
14	1	10	bold	6.0	2297.90	13.92	47	96   94	240.00  116.50  180.00	137	39	FEEPI	MS	2.500	0.500	30.00	90.000	47
14	1	11	bold	7.0	2297.90	13.92	47	96   94	240.00  116.50  180.00	137	39	FEEPI	MS	2.500	0.500	30.00	90.000	47
14	1	12	bold	8.0	2297.90	13.92	47	96   94	240.00  116.50  180.00	137	39	FEEPI	MS	2.500	0.500	30.00	90.000	47
14	2	2	T1w		8.28	2.27	1	256  256	256.00  256.00  170.00	1	170	T1TFE	3D	1.000	0.000	3.88	8.000	256
14	2	3	bold	1.0	2297.90	13.92	47	96   94	240.00  116.50  180.00	137	39	FEEPI	MS	2.500	0.500	30.00	90.000	47
14	2	4	bold	2.0	2297.90	13.92	47	96   94	240.00  116.50  180.00	137	39	FEEPI	MS	2.500	0.500	30.00	90.000	47
14	2	5	bold	3.0	2297.90	13.92	47	96   94	240.00  116.50  180.00	137	39	FEEPI	MS	2.500	0.500	30.00	90.000	47
14	2	6	bold	4.0	2297.90	13.92	47	96   94	240.00  116.50  180.00	137	39	FEEPI	MS	2.500	0.500	30.00	90.000	47
14	2	7	T1w		8.28	2.27	1	256  256	256.00  256.00  170.00	1	170	T1TFE	3D	1.000	0.000	3.88	8.000	256
14	2	8	bold	5.0	2297.90	13.92	47	96   94	240.00  116.50  180.00	137	39	FEEPI	MS	2.500	0.500	30.00	90.000	47
14	2	9	bold	6.0	2297.90	13.92	47	96   94	240.00  116.50  180.00	137	39	FEEPI	MS	2.500	0.500	30.00	90.000	47
14	2	10	bold	7.0	2297.90	13.92	47	96   94	240.00  116.50  180.00	137	39	FEEPI	MS	2.500	0.500	30.00	90.000	47
14	2	11	bold	8.0	2297.90	13.92	47	96   94	240.00  116.50  180.00	137	39	FEEPI	MS	2.500	0.500	30.00	90.000	47
15	1	2	T1w		8.28	2.27	1	256  256	256.00  256.00  170.00	1	170	T1TFE	3D	1.000	0.000	3.88	8.000	256
15	1	3	bold	1.0	2297.90	13.92	47	96   94	240.00  116.50  180.00	137	39	FEEPI	MS	2.500	0.500	30.00	90.000	47
15	1	4	bold	2.0	2297.90	13.92	47	96   94	240.00  116.50  180.00	137	39	FEEPI	MS	2.500	0.500	30.00	90.000	47
15	1	5	bold	3.0	2297.90	13.92	47	96   94	240.00  116.50  180.00	137	39	FEEPI	MS	2.500	0.500	30.00	90.000	47
15	1	6	bold	4.0	2297.90	13.92	47	96   94	240.00  116.50  180.00	137	39	FEEPI	MS	2.500	0.500	30.00	90.000	47
15	1	7	T1w		8.28	2.27	1	256  256	256.00  256.00  170.00	1	170	T1TFE	3D	1.000	0.000	3.88	8.000	256
15	1	8	bold	5.0	2297.90	13.92	47	96   94	240.00  116.50  180.00	137	39	FEEPI	MS	2.500	0.500	30.00	90.000	47
15	1	9	bold	6.0	2297.90	13.92	47	96   94	240.00  116.50  180.00	137	39	FEEPI	MS	2.500	0.500	30.00	90.000	47
15	1	10	bold	7.0	2297.90	13.92	47	96   94	240.00  116.50  180.00	137	39	FEEPI	MS	2.500	0.500	30.00	90.000	47
15	1	11	bold	8.0	2297.90	13.92	47	96   94	240.00  116.50  180.00	137	39	FEEPI	MS	2.500	0.500	30.00	90.000	47
15	2	2	T1w		8.05	2.27	1	256  256	256.00  256.00  170.00	1	170	T1TFE	3D	1.000	0.000	3.68	8.000	256
15	2	6	bold	1.0	2286.09	13.95	47	96   94	240.00  116.50  180.00	137	39	FEEPI	MS	2.500	0.500	30.00	90.000	47
15	2	7	bold	2.0	2286.09	13.95	47	96   94	240.00  116.50  180.00	137	39	FEEPI	MS	2.500	0.500	30.00	90.000	47
15	2	8	bold	3.0	2286.09	13.95	47	96   94	240.00  116.50  180.00	137	39	FEEPI	MS	2.500	0.500	30.00	90.000	47
15	2	9	bold	4.0	2286.09	13.95	47	96   94	240.00  116.50  180.00	137	39	FEEPI	MS	2.500	0.500	30.00	90.000	47
15	2	10	T1w		8.05	2.27	1	256  256	256.00  256.00  170.00	1	170	T1TFE	3D	1.000	0.000	3.68	8.000	256
15	2	11	bold	5.0	2286.09	13.95	47	96   94	240.00  116.50  180.00	137	39	FEEPI	MS	2.500	0.500	30.00	90.000	47
15	2	12	bold	6.0	2286.09	13.95	47	96   94	240.00  116.50  180.00	137	39	FEEPI	MS	2.500	0.500	30.00	90.000	47
15	2	13	bold	7.0	2286.09	13.95	47	96   94	240.00  116.50  180.00	137	39	FEEPI	MS	2.500	0.500	30.00	90.000	47
15	2	14	bold	8.0	2286.09	13.95	47	96   94	240.00  116.50  180.00	137	39	FEEPI	MS	2.500	0.500	30.00	90.000	47
16	1	4	T1w		8.28	2.27	1	256  256	256.00  256.00  170.00	1	170	T1TFE	3D	1.000	0.000	3.88	8.000	256
16	1	5	bold	1.0	2297.90	13.92	47	96   94	240.00  116.50  180.00	137	39	FEEPI	MS	2.500	0.500	30.00	90.000	47
16	1	6	bold	2.0	2297.90	13.92	47	96   94	240.00  116.50  180.00	137	39	FEEPI	MS	2.500	0.500	30.00	90.000	47
16	1	7	bold	3.0	2297.90	13.92	47	96   94	240.00  116.50  180.00	137	39	FEEPI	MS	2.500	0.500	30.00	90.000	47
16	1	8	bold	4.0	2297.90	13.92	47	96   94	240.00  116.50  180.00	137	39	FEEPI	MS	2.500	0.500	30.00	90.000	47
16	1	9	T1w		8.28	2.27	1	256  256	256.00  256.00  170.00	1	170	T1TFE	3D	1.000	0.000	3.88	8.000	256
16	1	10	bold	5.0	2297.90	13.92	47	96   94	240.00  116.50  180.00	137	39	FEEPI	MS	2.500	0.500	30.00	90.000	47
16	1	11	bold	6.0	2297.90	13.92	47	96   94	240.00  116.50  180.00	137	39	FEEPI	MS	2.500	0.500	30.00	90.000	47
16	1	12	bold	7.0	2297.90	13.92	47	96   94	240.00  116.50  180.00	137	39	FEEPI	MS	2.500	0.500	30.00	90.000	47
16	1	13	bold	8.0	2297.90	13.92	47	96   94	240.00  116.50  180.00	137	39	FEEPI	MS	2.500	0.500	30.00	90.000	47
16	2	2	T1w		8.28	2.27	1	256  256	256.00  256.00  170.00	1	170	T1TFE	3D	1.000	0.000	3.88	8.000	256
16	2	3	bold	1.0	2297.90	13.92	47	96   94	240.00  116.50  180.00	137	39	FEEPI	MS	2.500	0.500	30.00	90.000	47
16	2	4	bold	2.0	2297.90	13.92	47	96   94	240.00  116.50  180.00	137	39	FEEPI	MS	2.500	0.500	30.00	90.000	47
16	2	5	bold	3.0	2297.90	13.92	47	96   94	240.00  116.50  180.00	137	39	FEEPI	MS	2.500	0.500	30.00	90.000	47
16	2	6	bold	4.0	2297.90	13.92	47	96   94	240.00  116.50  180.00	137	39	FEEPI	MS	2.500	0.500	30.00	90.000	47
16	2	7	T1w		8.28	2.27	1	256  256	256.00  256.00  170.00	1	170	T1TFE	3D	1.000	0.000	3.88	8.000	256
16	2	8	bold	5.0	2297.90	13.92	47	96   94	240.00  116.50  180.00	137	39	FEEPI	MS	2.500	0.500	30.00	90.000	47
16	2	9	bold	6.0	2297.90	13.92	47	96   94	240.00  116.50  180.00	137	39	FEEPI	MS	2.500	0.500	30.00	90.000	47
16	2	10	bold	7.0	2297.90	13.92	47	96   94	240.00  116.50  180.00	137	39	FEEPI	MS	2.500	0.500	30.00	90.000	47
16	2	11	bold	8.0	2297.90	13.92	47	96   94	240.00  116.50  180.00	137	39	FEEPI	MS	2.500	0.500	30.00	90.000	47
17	1	2	T1w		8.28	2.27	1	256  256	256.00  256.00  170.00	1	170	T1TFE	3D	1.000	0.000	3.88	8.000	256
17	1	3	bold	1.0	2297.90	13.92	47	96   94	240.00  116.50  180.00	137	39	FEEPI	MS	2.500	0.500	30.00	90.000	47
17	1	4	bold	2.0	2297.90	13.92	47	96   94	240.00  116.50  180.00	137	39	FEEPI	MS	2.500	0.500	30.00	90.000	47
17	1	5	bold	3.0	2297.90	13.92	47	96   94	240.00  116.50  180.00	137	39	FEEPI	MS	2.500	0.500	30.00	90.000	47
17	1	6	bold	4.0	2297.90	13.92	47	96   94	240.00  116.50  180.00	137	39	FEEPI	MS	2.500	0.500	30.00	90.000	47
17	1	7	T1w		8.28	2.27	1	256  256	256.00  256.00  170.00	1	170	T1TFE	3D	1.000	0.000	3.88	8.000	256
17	1	8	bold	5.0	2297.90	13.92	47	96   94	240.00  116.50  180.00	137	39	FEEPI	MS	2.500	0.500	30.00	90.000	47
17	1	9	bold	6.0	2297.90	13.92	47	96   94	240.00  116.50  180.00	137	39	FEEPI	MS	2.500	0.500	30.00	90.000	47
17	1	10	bold	7.0	2297.90	13.92	47	96   94	240.00  116.50  180.00	137	39	FEEPI	MS	2.500	0.500	30.00	90.000	47
17	1	11	bold	8.0	2297.90	13.92	47	96   94	240.00  116.50  180.00	137	39	FEEPI	MS	2.500	0.500	30.00	90.000	47
17	2	2	T1w		8.05	2.27	1	256  256	256.00  256.00  170.00	1	170	T1TFE	3D	1.000	0.000	3.68	8.000	256
17	2	3	bold	1.0	2286.09	13.95	47	96   94	240.00  116.50  180.00	137	39	FEEPI	MS	2.500	0.500	30.00	90.000	47
17	2	4	bold	2.0	2286.09	13.95	47	96   94	240.00  116.50  180.00	137	39	FEEPI	MS	2.500	0.500	30.00	90.000	47
17	2	5	bold	3.0	2286.09	13.95	47	96   94	240.00  116.50  180.00	137	39	FEEPI	MS	2.500	0.500	30.00	90.000	47
17	2	6	bold	4.0	2286.09	13.95	47	96   94	240.00  116.50  180.00	137	39	FEEPI	MS	2.500	0.500	30.00	90.000	47
17	2	7	T1w		8.05	2.27	1	256  256	256.00  256.00  170.00	1	170	T1TFE	3D	1.000	0.000	3.68	8.000	256
17	2	8	bold	5.0	2286.09	13.95	47	96   94	240.00  116.50  180.00	137	39	FEEPI	MS	2.500	0.500	30.00	90.000	47
17	2	9	bold	6.0	2286.09	13.95	47	96   94	240.00  116.50  180.00	137	39	FEEPI	MS	2.500	0.500	30.00	90.000	47
17	2	10	bold	7.0	2286.09	13.95	47	96   94	240.00  116.50  180.00	137	39	FEEPI	MS	2.500	0.500	30.00	90.000	47
17	2	11	bold	8.0	2286.09	13.95	47	96   94	240.00  116.50  180.00	137	39	FEEPI	MS	2.500	0.500	30.00	90.000	47
18	1	2	T1w		8.05	2.27	1	256  256	256.00  256.00  170.00	1	170	T1TFE	3D	1.000	0.000	3.68	8.000	256
18	1	3	bold	1.0	2286.09	13.95	47	96   94	240.00  116.50  180.00	137	39	FEEPI	MS	2.500	0.500	30.00	90.000	47
18	1	4	bold	2.0	2286.09	13.95	47	96   94	240.00  116.50  180.00	137	39	FEEPI	MS	2.500	0.500	30.00	90.000	47
18	1	5	bold	3.0	2286.09	13.95	47	96   94	240.00  116.50  180.00	137	39	FEEPI	MS	2.500	0.500	30.00	90.000	47
18	1	6	bold	4.0	2286.09	13.95	47	96   94	240.00  116.50  180.00	137	39	FEEPI	MS	2.500	0.500	30.00	90.000	47
18	1	7	T1w		8.05	2.27	1	256  256	256.00  256.00  170.00	1	170	T1TFE	3D	1.000	0.000	3.68	8.000	256
18	1	8	bold	5.0	2286.09	13.95	47	96   94	240.00  116.50  180.00	137	39	FEEPI	MS	2.500	0.500	30.00	90.000	47
18	1	9	bold	6.0	2286.09	13.95	47	96   94	240.00  116.50  180.00	137	39	FEEPI	MS	2.500	0.500	30.00	90.000	47
18	1	10	bold	7.0	2286.09	13.95	47	96   94	240.00  116.50  180.00	137	39	FEEPI	MS	2.500	0.500	30.00	90.000	47
18	1	11	bold	8.0	2286.09	13.95	47	96   94	240.00  116.50  180.00	137	39	FEEPI	MS	2.500	0.500	30.00	90.000	47
18	2	2	T1w		8.28	2.27	1	256  256	256.00  256.00  170.00	1	170	T1TFE	3D	1.000	0.000	3.88	8.000	256
18	2	3	bold	1.0	2297.90	13.92	47	96   94	240.00  116.50  180.00	137	39	FEEPI	MS	2.500	0.500	30.00	90.000	47
18	2	4	bold	2.0	2297.90	13.92	47	96   94	240.00  116.50  180.00	137	39	FEEPI	MS	2.500	0.500	30.00	90.000	47
18	2	5	bold	3.0	2297.90	13.92	47	96   94	240.00  116.50  180.00	137	39	FEEPI	MS	2.500	0.500	30.00	90.000	47
18	2	6	bold	4.0	2297.90	13.92	47	96   94	240.00  116.50  180.00	137	39	FEEPI	MS	2.500	0.500	30.00	90.000	47
18	2	7	T1w		8.28	2.27	1	256  256	256.00  256.00  170.00	1	170	T1TFE	3D	1.000	0.000	3.88	8.000	256
18	2	8	bold	5.0	2297.90	13.92	47	96   94	240.00  116.50  180.00	137	39	FEEPI	MS	2.500	0.500	30.00	90.000	47
18	2	9	bold	6.0	2297.90	13.92	47	96   94	240.00  116.50  180.00	137	39	FEEPI	MS	2.500	0.500	30.00	90.000	47
18	2	10	bold	7.0	2297.90	13.92	47	96   94	240.00  116.50  180.00	137	39	FEEPI	MS	2.500	0.500	30.00	90.000	47
18	2	11	bold	8.0	2297.90	13.92	47	96   94	240.00  116.50  180.00	137	39	FEEPI	MS	2.500	0.500	30.00	90.000	47
19	1	2	T1w		8.28	2.27	1	256  256	256.00  256.00  170.00	1	170	T1TFE	3D	1.000	0.000	3.88	8.000	256
19	1	3	bold	1.0	2297.90	13.92	47	96   94	240.00  116.50  180.00	137	39	FEEPI	MS	2.500	0.500	30.00	90.000	47
19	1	4	bold	2.0	2297.90	13.92	47	96   94	240.00  116.50  180.00	137	39	FEEPI	MS	2.500	0.500	30.00	90.000	47
19	1	5	bold	3.0	2297.90	13.92	47	96   94	240.00  116.50  180.00	137	39	FEEPI	MS	2.500	0.500	30.00	90.000	47
19	1	6	bold	4.0	2297.90	13.92	47	96   94	240.00  116.50  180.00	137	39	FEEPI	MS	2.500	0.500	30.00	90.000	47
19	1	7	T1w		8.28	2.27	1	256  256	256.00  256.00  170.00	1	170	T1TFE	3D	1.000	0.000	3.88	8.000	256
19	1	8	bold	5.0	2297.90	13.92	47	96   94	240.00  116.50  180.00	137	39	FEEPI	MS	2.500	0.500	30.00	90.000	47
19	1	9	bold	6.0	2297.90	13.92	47	96   94	240.00  116.50  180.00	137	39	FEEPI	MS	2.500	0.500	30.00	90.000	47
19	1	10	bold	7.0	2297.90	13.92	47	96   94	240.00  116.50  180.00	137	39	FEEPI	MS	2.500	0.500	30.00	90.000	47
19	1	11	bold	8.0	2297.90	13.92	47	96   94	240.00  116.50  180.00	137	39	FEEPI	MS	2.500	0.500	30.00	90.000	47
19	2	2	T1w		8.28	2.27	1	256  256	256.00  256.00  170.00	1	170	T1TFE	3D	1.000	0.000	3.88	8.000	256
19	2	3	T1w		8.28	2.27	1	256  256	256.00  256.00  170.00	1	170	T1TFE	3D	1.000	0.000	3.88	8.000	256
19	2	4	bold	1.0	2297.90	13.92	47	96   94	240.00  116.50  180.00	137	39	FEEPI	MS	2.500	0.500	30.00	90.000	47
19	2	5	bold	2.0	2297.90	13.92	47	96   94	240.00  116.50  180.00	137	39	FEEPI	MS	2.500	0.500	30.00	90.000	47
19	2	6	bold	3.0	2297.90	13.92	47	96   94	240.00  116.50  180.00	137	39	FEEPI	MS	2.500	0.500	30.00	90.000	47
19	2	7	bold	4.0	2297.90	13.92	47	96   94	240.00  116.50  180.00	137	39	FEEPI	MS	2.500	0.500	30.00	90.000	47
19	2	8	T1w		8.28	2.27	1	256  256	256.00  256.00  170.00	1	170	T1TFE	3D	1.000	0.000	3.88	8.000	256
19	2	9	bold	5.0	2297.90	13.92	47	96   94	240.00  116.50  180.00	137	39	FEEPI	MS	2.500	0.500	30.00	90.000	47
19	2	10	bold	6.0	2297.90	13.92	47	96   94	240.00  116.50  180.00	137	39	FEEPI	MS	2.500	0.500	30.00	90.000	47
19	2	11	bold	7.0	2297.90	13.92	47	96   94	240.00  116.50  180.00	137	39	FEEPI	MS	2.500	0.500	30.00	90.000	47
19	2	12	bold	8.0	2297.90	13.92	47	96   94	240.00  116.50  180.00	137	39	FEEPI	MS	2.500	0.500	30.00	90.000	47
20	1	3	T1w		8.28	2.27	1	256  256	256.00  256.00  170.00	1	170	T1TFE	3D	1.000	0.000	3.88	8.000	256
20	1	4	bold	1.0	2297.90	13.92	47	96   94	240.00  116.50  180.00	137	39	FEEPI	MS	2.500	0.500	30.00	90.000	47
20	1	5	bold	2.0	2297.90	13.92	47	96   94	240.00  116.50  180.00	137	39	FEEPI	MS	2.500	0.500	30.00	90.000	47
20	1	6	bold	3.0	2297.90	13.92	47	96   94	240.00  116.50  180.00	137	39	FEEPI	MS	2.500	0.500	30.00	90.000	47
20	1	7	bold	4.0	2297.90	13.92	47	96   94	240.00  116.50  180.00	137	39	FEEPI	MS	2.500	0.500	30.00	90.000	47
20	1	8	T1w		8.28	2.27	1	256  256	256.00  256.00  170.00	1	170	T1TFE	3D	1.000	0.000	3.88	8.000	256
20	1	9	bold	5.0	2297.90	13.92	47	96   94	240.00  116.50  180.00	137	39	FEEPI	MS	2.500	0.500	30.00	90.000	47
20	1	10	bold	6.0	2297.90	13.92	47	96   94	240.00  116.50  180.00	137	39	FEEPI	MS	2.500	0.500	30.00	90.000	47
20	1	11	bold	7.0	2297.90	13.92	47	96   94	240.00  116.50  180.00	137	39	FEEPI	MS	2.500	0.500	30.00	90.000	47
20	1	12	bold	8.0	2297.90	13.92	47	96   94	240.00  116.50  180.00	137	39	FEEPI	MS	2.500	0.500	30.00	90.000	47
20	2	2	T1w		8.28	2.27	1	256  256	256.00  256.00  170.00	1	170	T1TFE	3D	1.000	0.000	3.88	8.000	256
20	2	3	bold	1.0	2297.90	13.92	47	96   94	240.00  116.50  180.00	137	39	FEEPI	MS	2.500	0.500	30.00	90.000	47
20	2	4	bold	2.0	2297.90	13.92	47	96   94	240.00  116.50  180.00	137	39	FEEPI	MS	2.500	0.500	30.00	90.000	47
20	2	5	bold	3.0	2297.90	13.92	47	96   94	240.00  116.50  180.00	137	39	FEEPI	MS	2.500	0.500	30.00	90.000	47
20	2	6	bold	4.0	2297.90	13.92	47	96   94	240.00  116.50  180.00	137	39	FEEPI	MS	2.500	0.500	30.00	90.000	47
20	2	7	T1w		8.28	2.27	1	256  256	256.00  256.00  170.00	1	170	T1TFE	3D	1.000	0.000	3.88	8.000	256
20	2	8	bold	5.0	2297.90	13.92	47	96   94	240.00  116.50  180.00	137	39	FEEPI	MS	2.500	0.500	30.00	90.000	47
20	2	9	bold	6.0	2297.90	13.92	47	96   94	240.00  116.50  180.00	137	39	FEEPI	MS	2.500	0.500	30.00	90.000	47
20	2	10	bold	7.0	2297.90	13.92	47	96   94	240.00  116.50  180.00	137	39	FEEPI	MS	2.500	0.500	30.00	90.000	47
20	2	11	bold	8.0	2297.90	13.92	47	96   94	240.00  116.50  180.00	137	39	FEEPI	MS	2.500	0.500	30.00	90.000	47
21	1	2	T1w		8.05	2.27	1	256  256	256.00  256.00  170.00	1	170	T1TFE	3D	1.000	0.000	3.68	8.000	256
21	1	3	bold	1.0	2286.09	13.95	47	96   94	240.00  116.50  180.00	137	39	FEEPI	MS	2.500	0.500	30.00	90.000	47
21	1	4	bold	2.0	2286.09	13.95	47	96   94	240.00  116.50  180.00	137	39	FEEPI	MS	2.500	0.500	30.00	90.000	47
21	1	5	bold	3.0	2286.09	13.95	47	96   94	240.00  116.50  180.00	137	39	FEEPI	MS	2.500	0.500	30.00	90.000	47
21	1	6	bold	4.0	2286.09	13.95	47	96   94	240.00  116.50  180.00	137	39	FEEPI	MS	2.500	0.500	30.00	90.000	47
21	1	7	T1w		8.05	2.27	1	256  256	256.00  256.00  170.00	1	170	T1TFE	3D	1.000	0.000	3.68	8.000	256
21	1	8	bold	5.0	2286.09	13.95	47	96   94	240.00  116.50  180.00	137	39	FEEPI	MS	2.500	0.500	30.00	90.000	47
21	1	9	bold	6.0	2286.09	13.95	47	96   94	240.00  116.50  180.00	137	39	FEEPI	MS	2.500	0.500	30.00	90.000	47
21	1	10	bold	7.0	2286.09	13.95	47	96   94	240.00  116.50  180.00	137	39	FEEPI	MS	2.500	0.500	30.00	90.000	47
21	1	11	bold	8.0	2286.09	13.95	47	96   94	240.00  116.50  180.00	137	39	FEEPI	MS	2.500	0.500	30.00	90.000	47
21	2	2	T1w		8.28	2.27	1	256  256	256.00  256.00  170.00	1	170	T1TFE	3D	1.000	0.000	3.88	8.000	256
21	2	3	bold	1.0	2297.90	13.92	47	96   94	240.00  116.50  180.00	137	39	FEEPI	MS	2.500	0.500	30.00	90.000	47
21	2	4	bold	2.0	2297.90	13.92	47	96   94	240.00  116.50  180.00	137	39	FEEPI	MS	2.500	0.500	30.00	90.000	47
21	2	5	bold	3.0	2297.90	13.92	47	96   94	240.00  116.50  180.00	137	39	FEEPI	MS	2.500	0.500	30.00	90.000	47
21	2	6	bold	4.0	2297.90	13.92	47	96   94	240.00  116.50  180.00	137	39	FEEPI	MS	2.500	0.500	30.00	90.000	47
21	2	7	T1w		8.28	2.27	1	256  256	256.00  256.00  170.00	1	170	T1TFE	3D	1.000	0.000	3.88	8.000	256
21	2	8	bold	5.0	2297.90	13.92	47	96   94	240.00  116.50  180.00	137	39	FEEPI	MS	2.500	0.500	30.00	90.000	47
21	2	9	bold	6.0	2297.90	13.92	47	96   94	240.00  116.50  180.00	137	39	FEEPI	MS	2.500	0.500	30.00	90.000	47
21	2	10	bold	7.0	2297.90	13.92	47	96   94	240.00  116.50  180.00	137	39	FEEPI	MS	2.500	0.500	30.00	90.000	47
21	2	11	bold	8.0	2297.90	13.92	47	96   94	240.00  116.50  180.00	137	39	FEEPI	MS	2.500	0.500	30.00	90.000	47
22	1	2	T1w		8.28	2.27	1	256  256	256.00  256.00  170.00	1	170	T1TFE	3D	1.000	0.000	3.88	8.000	256
22	1	3	bold	1.0	2297.90	13.92	47	96   94	240.00  116.50  180.00	137	39	FEEPI	MS	2.500	0.500	30.00	90.000	47
22	1	4	bold	2.0	2297.90	13.92	47	96   94	240.00  116.50  180.00	137	39	FEEPI	MS	2.500	0.500	30.00	90.000	47
22	1	5	bold	3.0	2297.90	13.92	47	96   94	240.00  116.50  180.00	137	39	FEEPI	MS	2.500	0.500	30.00	90.000	47
22	1	6	bold	4.0	2297.90	13.92	47	96   94	240.00  116.50  180.00	137	39	FEEPI	MS	2.500	0.500	30.00	90.000	47
22	1	7	T1w		8.28	2.27	1	256  256	256.00  256.00  170.00	1	170	T1TFE	3D	1.000	0.000	3.88	8.000	256
22	1	8	bold	5.0	2297.90	13.92	47	96   94	240.00  116.50  180.00	137	39	FEEPI	MS	2.500	0.500	30.00	90.000	47
22	1	9	bold	6.0	2297.90	13.92	47	96   94	240.00  116.50  180.00	137	39	FEEPI	MS	2.500	0.500	30.00	90.000	47
22	1	10	bold	7.0	2297.90	13.92	47	96   94	240.00  116.50  180.00	137	39	FEEPI	MS	2.500	0.500	30.00	90.000	47
22	1	11	bold	8.0	2297.90	13.92	47	96   94	240.00  116.50  180.00	137	39	FEEPI	MS	2.500	0.500	30.00	90.000	47
22	2	2	T1w		8.05	2.27	1	256  256	256.00  256.00  170.00	1	170	T1TFE	3D	1.000	0.000	3.68	8.000	256
22	2	3	bold	1.0	2286.09	13.95	47	96   94	240.00  116.50  180.00	137	39	FEEPI	MS	2.500	0.500	30.00	90.000	47
22	2	4	bold	2.0	2286.09	13.95	47	96   94	240.00  116.50  180.00	137	39	FEEPI	MS	2.500	0.500	30.00	90.000	47
22	2	5	bold	3.0	2286.09	13.95	47	96   94	240.00  116.50  180.00	137	39	FEEPI	MS	2.500	0.500	30.00	90.000	47
22	2	6	bold	4.0	2286.09	13.95	47	96   94	240.00  116.50  180.00	137	39	FEEPI	MS	2.500	0.500	30.00	90.000	47
22	2	7	T1w		8.05	2.27	1	256  256	256.00  256.00  170.00	1	170	T1TFE	3D	1.000	0.000	3.68	8.000	256
22	2	8	bold	5.0	2286.09	13.95	47	96   94	240.00  116.50  180.00	137	39	FEEPI	MS	2.500	0.500	30.00	90.000	47
22	2	9	bold	6.0	2286.09	13.95	47	96   94	240.00  116.50  180.00	137	39	FEEPI	MS	2.500	0.500	30.00	90.000	47
22	2	10	bold	7.0	2286.09	13.95	47	96   94	240.00  116.50  180.00	137	39	FEEPI	MS	2.500	0.500	30.00	90.000	47
22	2	11	bold	8.0	2286.09	13.95	47	96   94	240.00  116.50  180.00	137	39	FEEPI	MS	2.500	0.500	30.00	90.000	47
23	1	2	T1w		8.28	2.27	1	256  256	256.00  256.00  170.00	1	170	T1TFE	3D	1.000	0.000	3.88	8.000	256
23	1	3	bold	1.0	2297.90	13.92	47	96   94	240.00  116.50  180.00	137	39	FEEPI	MS	2.500	0.500	30.00	90.000	47
23	1	4	bold	2.0	2297.90	13.92	47	96   94	240.00  116.50  180.00	137	39	FEEPI	MS	2.500	0.500	30.00	90.000	47
23	1	5	bold	3.0	2297.90	13.92	47	96   94	240.00  116.50  180.00	137	39	FEEPI	MS	2.500	0.500	30.00	90.000	47
23	1	6	bold	4.0	2297.90	13.92	47	96   94	240.00  116.50  180.00	137	39	FEEPI	MS	2.500	0.500	30.00	90.000	47
23	1	7	T1w		8.28	2.27	1	256  256	256.00  256.00  170.00	1	170	T1TFE	3D	1.000	0.000	3.88	8.000	256
23	1	8	bold	5.0	2297.90	13.92	47	96   94	240.00  116.50  180.00	137	39	FEEPI	MS	2.500	0.500	30.00	90.000	47
23	1	9	bold	6.0	2297.90	13.92	47	96   94	240.00  116.50  180.00	137	39	FEEPI	MS	2.500	0.500	30.00	90.000	47
23	1	10	bold	7.0	2297.90	13.92	47	96   94	240.00  116.50  180.00	137	39	FEEPI	MS	2.500	0.500	30.00	90.000	47
23	1	11	bold	8.0	2297.90	13.92	47	96   94	240.00  116.50  180.00	137	39	FEEPI	MS	2.500	0.500	30.00	90.000	47
24	1	3	T1w		8.28	2.27	1	256  256	256.00  256.00  170.00	1	170	T1TFE	3D	1.000	0.000	3.88	8.000	256
24	1	4	bold	1.0	2297.90	13.92	47	96   94	240.00  116.50  180.00	137	39	FEEPI	MS	2.500	0.500	30.00	90.000	47
24	1	5	bold	2.0	2297.90	13.92	47	96   94	240.00  116.50  180.00	137	39	FEEPI	MS	2.500	0.500	30.00	90.000	47
24	1	6	bold	3.0	2297.90	13.92	47	96   94	240.00  116.50  180.00	137	39	FEEPI	MS	2.500	0.500	30.00	90.000	47
24	1	7	bold	4.0	2297.90	13.92	47	96   94	240.00  116.50  180.00	137	39	FEEPI	MS	2.500	0.500	30.00	90.000	47
24	1	8	T1w		8.28	2.27	1	256  256	256.00  256.00  170.00	1	170	T1TFE	3D	1.000	0.000	3.88	8.000	256
24	1	9	bold	5.0	2297.90	13.92	47	96   94	240.00  116.50  180.00	137	39	FEEPI	MS	2.500	0.500	30.00	90.000	47
24	1	10	bold	6.0	2297.90	13.92	47	96   94	240.00  116.50  180.00	137	39	FEEPI	MS	2.500	0.500	30.00	90.000	47
24	1	11	bold	7.0	2297.90	13.92	47	96   94	240.00  116.50  180.00	137	39	FEEPI	MS	2.500	0.500	30.00	90.000	47
24	1	12	bold	8.0	2297.90	13.92	47	96   94	240.00  116.50  180.00	137	39	FEEPI	MS	2.500	0.500	30.00	90.000	47
24	2	2	T1w		8.28	2.27	1	256  256	256.00  256.00  170.00	1	170	T1TFE	3D	1.000	0.000	3.88	8.000	256
24	2	3	bold	1.0	2297.90	13.92	47	96   94	240.00  116.50  180.00	137	39	FEEPI	MS	2.500	0.500	30.00	90.000	47
24	2	4	bold	2.0	2297.90	13.92	47	96   94	240.00  116.50  180.00	137	39	FEEPI	MS	2.500	0.500	30.00	90.000	47
24	2	5	bold	3.0	2297.90	13.92	47	96   94	240.00  116.50  180.00	137	39	FEEPI	MS	2.500	0.500	30.00	90.000	47
24	2	6	bold	4.0	2297.90	13.92	47	96   94	240.00  116.50  180.00	137	39	FEEPI	MS	2.500	0.500	30.00	90.000	47
24	2	7	T1w		8.28	2.27	1	256  256	256.00  256.00  170.00	1	170	T1TFE	3D	1.000	0.000	3.88	8.000	256
24	2	8	bold	5.0	2297.90	13.92	47	96   94	240.00  116.50  180.00	137	39	FEEPI	MS	2.500	0.500	30.00	90.000	47
24	2	9	bold	6.0	2297.90	13.92	47	96   94	240.00  116.50  180.00	137	39	FEEPI	MS	2.500	0.500	30.00	90.000	47
24	2	10	bold	7.0	2297.90	13.92	47	96   94	240.00  116.50  180.00	137	39	FEEPI	MS	2.500	0.500	30.00	90.000	47
24	2	11	bold	8.0	2297.90	13.92	47	96   94	240.00  116.50  180.00	137	39	FEEPI	MS	2.500	0.500	30.00	90.000	47
25	1	2	T1w		8.28	2.27	1	256  256	256.00  256.00  170.00	1	170	T1TFE	3D	1.000	0.000	3.88	8.000	256
25	1	3	bold	1.0	2297.90	13.92	47	96   94	240.00  116.50  180.00	137	39	FEEPI	MS	2.500	0.500	30.00	90.000	47
25	1	4	bold	2.0	2297.90	13.92	47	96   94	240.00  116.50  180.00	137	39	FEEPI	MS	2.500	0.500	30.00	90.000	47
25	1	5	bold	3.0	2297.90	13.92	47	96   94	240.00  116.50  180.00	137	39	FEEPI	MS	2.500	0.500	30.00	90.000	47
25	1	6	bold	4.0	2297.90	13.92	47	96   94	240.00  116.50  180.00	137	39	FEEPI	MS	2.500	0.500	30.00	90.000	47
25	1	7	T1w		8.28	2.27	1	256  256	256.00  256.00  170.00	1	170	T1TFE	3D	1.000	0.000	3.88	8.000	256
25	1	8	bold	5.0	2297.90	13.92	47	96   94	240.00  116.50  180.00	137	39	FEEPI	MS	2.500	0.500	30.00	90.000	47
25	1	9	bold	6.0	2297.90	13.92	47	96   94	240.00  116.50  180.00	137	39	FEEPI	MS	2.500	0.500	30.00	90.000	47
25	1	10	bold	7.0	2297.90	13.92	47	96   94	240.00  116.50  180.00	137	39	FEEPI	MS	2.500	0.500	30.00	90.000	47
25	1	11	bold	8.0	2297.90	13.92	47	96   94	240.00  116.50  180.00	137	39	FEEPI	MS	2.500	0.500	30.00	90.000	47
25	2	2	T1w		8.28	2.27	1	256  256	256.00  256.00  170.00	1	170	T1TFE	3D	1.000	0.000	3.88	8.000	256
25	2	3	bold	1.0	2297.90	13.92	47	96   94	240.00  116.50  180.00	137	39	FEEPI	MS	2.500	0.500	30.00	90.000	47
25	2	4	bold	2.0	2297.90	13.92	47	96   94	240.00  116.50  180.00	137	39	FEEPI	MS	2.500	0.500	30.00	90.000	47
25	2	5	bold	3.0	2297.90	13.92	47	96   94	240.00  116.50  180.00	137	39	FEEPI	MS	2.500	0.500	30.00	90.000	47
25	2	6	bold	4.0	2297.90	13.92	47	96   94	240.00  116.50  180.00	137	39	FEEPI	MS	2.500	0.500	30.00	90.000	47
25	2	7	T1w		8.28	2.27	1	256  256	256.00  256.00  170.00	1	170	T1TFE	3D	1.000	0.000	3.88	8.000	256
25	2	8	bold	5.0	2297.90	13.92	47	96   94	240.00  116.50  180.00	137	39	FEEPI	MS	2.500	0.500	30.00	90.000	47
25	2	9	bold	6.0	2297.90	13.92	47	96   94	240.00  116.50  180.00	137	39	FEEPI	MS	2.500	0.500	30.00	90.000	47
25	2	10	bold	7.0	2297.90	13.92	47	96   94	240.00  116.50  180.00	137	39	FEEPI	MS	2.500	0.500	30.00	90.000	47
25	2	11	bold	8.0	2297.90	13.92	47	96   94	240.00  116.50  180.00	137	39	FEEPI	MS	2.500	0.500	30.00	90.000	47
26	1	2	T1w		8.28	2.27	1	256  256	256.00  256.00  170.00	1	170	T1TFE	3D	1.000	0.000	3.88	8.000	256
26	1	3	bold	1.0	2297.90	13.92	47	96   94	240.00  116.50  180.00	137	39	FEEPI	MS	2.500	0.500	30.00	90.000	47
26	1	4	bold	2.0	2297.90	13.92	47	96   94	240.00  116.50  180.00	137	39	FEEPI	MS	2.500	0.500	30.00	90.000	47
26	1	5	bold	3.0	2297.90	13.92	47	96   94	240.00  116.50  180.00	137	39	FEEPI	MS	2.500	0.500	30.00	90.000	47
26	1	6	bold	4.0	2297.90	13.92	47	96   94	240.00  116.50  180.00	137	39	FEEPI	MS	2.500	0.500	30.00	90.000	47
26	1	7	T1w		8.28	2.27	1	256  256	256.00  256.00  170.00	1	170	T1TFE	3D	1.000	0.000	3.88	8.000	256
26	1	8	bold	5.0	2297.90	13.92	47	96   94	240.00  116.50  180.00	137	39	FEEPI	MS	2.500	0.500	30.00	90.000	47
26	1	9	bold	6.0	2297.90	13.92	47	96   94	240.00  116.50  180.00	137	39	FEEPI	MS	2.500	0.500	30.00	90.000	47
26	1	10	bold	7.0	2297.90	13.92	47	96   94	240.00  116.50  180.00	137	39	FEEPI	MS	2.500	0.500	30.00	90.000	47
26	1	11	bold	8.0	2297.90	13.92	47	96   94	240.00  116.50  180.00	137	39	FEEPI	MS	2.500	0.500	30.00	90.000	47
26	2	2	T1w		8.28	2.27	1	256  256	256.00  256.00  170.00	1	170	T1TFE	3D	1.000	0.000	3.88	8.000	256
26	2	3	bold	1.0	2297.90	13.92	47	96   94	240.00  116.50  180.00	137	39	FEEPI	MS	2.500	0.500	30.00	90.000	47
26	2	4	bold	2.0	2297.90	13.92	47	96   94	240.00  116.50  180.00	137	39	FEEPI	MS	2.500	0.500	30.00	90.000	47
26	2	5	bold	3.0	2297.90	13.92	47	96   94	240.00  116.50  180.00	137	39	FEEPI	MS	2.500	0.500	30.00	90.000	47
26	2	6	bold	4.0	2297.90	13.92	47	96   94	240.00  116.50  180.00	137	39	FEEPI	MS	2.500	0.500	30.00	90.000	47
26	2	7	T1w		8.28	2.27	1	256  256	256.00  256.00  170.00	1	170	T1TFE	3D	1.000	0.000	3.88	8.000	256
26	2	8	bold	5.0	2297.90	13.92	47	96   94	240.00  116.50  180.00	137	39	FEEPI	MS	2.500	0.500	30.00	90.000	47
26	2	9	bold	6.0	2297.90	13.92	47	96   94	240.00  116.50  180.00	137	39	FEEPI	MS	2.500	0.500	30.00	90.000	47
26	2	10	bold	7.0	2297.90	13.92	47	96   94	240.00  116.50  180.00	137	39	FEEPI	MS	2.500	0.500	30.00	90.000	47
26	2	11	bold	8.0	2297.90	13.92	47	96   94	240.00  116.50  180.00	137	39	FEEPI	MS	2.500	0.500	30.00	90.000	47
27	1	2	T1w		8.28	2.27	1	256  256	256.00  256.00  170.00	1	170	T1TFE	3D	1.000	0.000	3.88	8.000	256
27	1	3	bold	1.0	2297.90	13.92	47	96   94	240.00  116.50  180.00	137	39	FEEPI	MS	2.500	0.500	30.00	90.000	47
27	1	4	bold	2.0	2297.90	13.92	47	96   94	240.00  116.50  180.00	137	39	FEEPI	MS	2.500	0.500	30.00	90.000	47
27	1	5	bold	3.0	2297.90	13.92	47	96   94	240.00  116.50  180.00	137	39	FEEPI	MS	2.500	0.500	30.00	90.000	47
27	1	6	bold	4.0	2297.90	13.92	47	96   94	240.00  116.50  180.00	137	39	FEEPI	MS	2.500	0.500	30.00	90.000	47
27	1	7	T1w		8.28	2.27	1	256  256	256.00  256.00  170.00	1	170	T1TFE	3D	1.000	0.000	3.88	8.000	256
27	1	8	bold	5.0	2297.90	13.92	47	96   94	240.00  116.50  180.00	137	39	FEEPI	MS	2.500	0.500	30.00	90.000	47
27	1	9	bold	6.0	2297.90	13.92	47	96   94	240.00  116.50  180.00	137	39	FEEPI	MS	2.500	0.500	30.00	90.000	47
27	1	10	bold	7.0	2297.90	13.92	47	96   94	240.00  116.50  180.00	137	39	FEEPI	MS	2.500	0.500	30.00	90.000	47
27	1	11	bold	8.0	2297.90	13.92	47	96   94	240.00  116.50  180.00	137	39	FEEPI	MS	2.500	0.500	30.00	90.000	47
27	2	2	T1w		8.28	2.27	1	256  256	256.00  256.00  170.00	1	170	T1TFE	3D	1.000	0.000	3.88	8.000	256
27	2	3	bold	1.0	2297.90	13.92	47	96   94	240.00  116.50  180.00	137	39	FEEPI	MS	2.500	0.500	30.00	90.000	47
27	2	4	bold	2.0	2297.90	13.92	47	96   94	240.00  116.50  180.00	137	39	FEEPI	MS	2.500	0.500	30.00	90.000	47
27	2	5	bold	3.0	2297.90	13.92	47	96   94	240.00  116.50  180.00	137	39	FEEPI	MS	2.500	0.500	30.00	90.000	47
27	2	6	bold	4.0	2297.90	13.92	47	96   94	240.00  116.50  180.00	137	39	FEEPI	MS	2.500	0.500	30.00	90.000	47
27	2	7	T1w		8.28	2.27	1	256  256	256.00  256.00  170.00	1	170	T1TFE	3D	1.000	0.000	3.88	8.000	256
27	2	8	bold	5.0	2297.90	13.92	47	96   94	240.00  116.50  180.00	137	39	FEEPI	MS	2.500	0.500	30.00	90.000	47
27	2	9	bold	6.0	2297.90	13.92	47	96   94	240.00  116.50  180.00	137	39	FEEPI	MS	2.500	0.500	30.00	90.000	47
27	2	10	bold	7.0	2297.90	13.92	47	96   94	240.00  116.50  180.00	137	39	FEEPI	MS	2.500	0.500	30.00	90.000	47
27	2	11	bold	8.0	2297.90	13.92	47	96   94	240.00  116.50  180.00	137	39	FEEPI	MS	2.500	0.500	30.00	90.000	47
28	1	2	T1w		8.28	2.27	1	256  256	256.00  256.00  170.00	1	170	T1TFE	3D	1.000	0.000	3.88	8.000	256
28	1	3	bold	1.0	2297.90	13.92	47	96   94	240.00  116.50  180.00	137	39	FEEPI	MS	2.500	0.500	30.00	90.000	47
28	1	4	bold	2.0	2297.90	13.92	47	96   94	240.00  116.50  180.00	137	39	FEEPI	MS	2.500	0.500	30.00	90.000	47
28	1	5	bold	3.0	2297.90	13.92	47	96   94	240.00  116.50  180.00	137	39	FEEPI	MS	2.500	0.500	30.00	90.000	47
28	1	6	bold	4.0	2297.90	13.92	47	96   94	240.00  116.50  180.00	137	39	FEEPI	MS	2.500	0.500	30.00	90.000	47
28	1	7	T1w		8.28	2.27	1	256  256	256.00  256.00  170.00	1	170	T1TFE	3D	1.000	0.000	3.88	8.000	256
28	1	8	bold	5.0	2297.90	13.92	47	96   94	240.00  116.50  180.00	137	39	FEEPI	MS	2.500	0.500	30.00	90.000	47
28	1	9	bold	6.0	2297.90	13.92	47	96   94	240.00  116.50  180.00	137	39	FEEPI	MS	2.500	0.500	30.00	90.000	47
28	1	10	bold	7.0	2297.90	13.92	47	96   94	240.00  116.50  180.00	137	39	FEEPI	MS	2.500	0.500	30.00	90.000	47
28	1	11	bold	8.0	2297.90	13.92	47	96   94	240.00  116.50  180.00	137	39	FEEPI	MS	2.500	0.500	30.00	90.000	47
28	2	2	T1w		8.28	2.27	1	256  256	256.00  256.00  170.00	1	170	T1TFE	3D	1.000	0.000	3.88	8.000	256
28	2	3	bold	1.0	2297.90	13.92	47	96   94	240.00  116.50  180.00	137	39	FEEPI	MS	2.500	0.500	30.00	90.000	47
28	2	4	bold	2.0	2297.90	13.92	47	96   94	240.00  116.50  180.00	137	39	FEEPI	MS	2.500	0.500	30.00	90.000	47
28	2	5	bold	3.0	2297.90	13.92	47	96   94	240.00  116.50  180.00	137	39	FEEPI	MS	2.500	0.500	30.00	90.000	47
28	2	6	bold	4.0	2297.90	13.92	47	96   94	240.00  116.50  180.00	137	39	FEEPI	MS	2.500	0.500	30.00	90.000	47
28	2	7	T1w		8.28	2.27	1	256  256	256.00  256.00  170.00	1	170	T1TFE	3D	1.000	0.000	3.88	8.000	256
28	2	8	bold	5.0	2297.90	13.92	47	96   94	240.00  116.50  180.00	137	39	FEEPI	MS	2.500	0.500	30.00	90.000	47
28	2	9	bold	6.0	2297.90	13.92	47	96   94	240.00  116.50  180.00	137	39	FEEPI	MS	2.500	0.500	30.00	90.000	47
28	2	10	bold	7.0	2297.90	13.92	47	96   94	240.00  116.50  180.00	137	39	FEEPI	MS	2.500	0.500	30.00	90.000	47
28	2	11	bold	8.0	2297.90	13.92	47	96   94	240.00  116.50  180.00	137	39	FEEPI	MS	2.500	0.500	30.00	90.000	47
29	1	2	T1w		8.05	2.27	1	256  256	256.00  256.00  170.00	1	170	T1TFE	3D	1.000	0.000	3.68	8.000	256
29	1	3	bold	1.0	2292.30	13.92	47	96   94	240.00  116.50  180.00	137	39	FEEPI	MS	2.500	0.500	30.00	90.000	47
29	1	4	bold	2.0	2292.30	13.92	47	96   94	240.00  116.50  180.00	137	39	FEEPI	MS	2.500	0.500	30.00	90.000	47
29	1	5	bold	3.0	2292.30	13.92	47	96   94	240.00  116.50  180.00	137	39	FEEPI	MS	2.500	0.500	30.00	90.000	47
29	1	6	bold	4.0	2292.30	13.92	47	96   94	240.00  116.50  180.00	137	39	FEEPI	MS	2.500	0.500	30.00	90.000	47
29	1	7	T1w		8.05	2.27	1	256  256	256.00  256.00  170.00	1	170	T1TFE	3D	1.000	0.000	3.68	8.000	256
29	1	8	bold	5.0	2292.30	13.92	47	96   94	240.00  116.50  180.00	137	39	FEEPI	MS	2.500	0.500	30.00	90.000	47
29	1	9	bold	6.0	2292.30	13.92	47	96   94	240.00  116.50  180.00	137	39	FEEPI	MS	2.500	0.500	30.00	90.000	47
29	1	10	bold	7.0	2292.30	13.92	47	96   94	240.00  116.50  180.00	137	39	FEEPI	MS	2.500	0.500	30.00	90.000	47
29	1	11	bold	8.0	2292.30	13.92	47	96   94	240.00  116.50  180.00	137	39	FEEPI	MS	2.500	0.500	30.00	90.000	47
29	2	2	T1w		8.05	2.27	1	256  256	256.00  256.00  170.00	1	170	T1TFE	3D	1.000	0.000	3.68	8.000	256
29	2	3	bold	1.0	2286.09	13.95	47	96   94	240.00  116.50  180.00	137	39	FEEPI	MS	2.500	0.500	30.00	90.000	47
29	2	4	bold	2.0	2286.09	13.95	47	96   94	240.00  116.50  180.00	137	39	FEEPI	MS	2.500	0.500	30.00	90.000	47
29	2	5	bold	3.0	2286.09	13.95	47	96   94	240.00  116.50  180.00	137	39	FEEPI	MS	2.500	0.500	30.00	90.000	47
29	2	6	bold	4.0	2286.09	13.95	47	96   94	240.00  116.50  180.00	137	39	FEEPI	MS	2.500	0.500	30.00	90.000	47
29	2	7	T1w		8.05	2.27	1	256  256	256.00  256.00  170.00	1	170	T1TFE	3D	1.000	0.000	3.68	8.000	256
29	2	8	bold	5.0	2286.09	13.95	47	96   94	240.00  116.50  180.00	137	39	FEEPI	MS	2.500	0.500	30.00	90.000	47
29	2	9	bold	6.0	2286.09	13.95	47	96   94	240.00  116.50  180.00	137	39	FEEPI	MS	2.500	0.500	30.00	90.000	47
29	2	10	bold	7.0	2286.09	13.95	47	96   94	240.00  116.50  180.00	137	39	FEEPI	MS	2.500	0.500	30.00	90.000	47
29	2	11	bold	8.0	2286.09	13.95	47	96   94	240.00  116.50  180.00	137	39	FEEPI	MS	2.500	0.500	30.00	90.000	47
30	1	2	T1w		8.28	2.27	1	256  256	256.00  256.00  170.00	1	170	T1TFE	3D	1.000	0.000	3.88	8.000	256
30	1	3	bold	1.0	2297.90	13.92	47	96   94	240.00  116.50  180.00	137	39	FEEPI	MS	2.500	0.500	30.00	90.000	47
30	1	4	bold	2.0	2297.90	13.92	47	96   94	240.00  116.50  180.00	137	39	FEEPI	MS	2.500	0.500	30.00	90.000	47
30	1	5	bold	3.0	2297.90	13.92	47	96   94	240.00  116.50  180.00	137	39	FEEPI	MS	2.500	0.500	30.00	90.000	47
30	1	6	bold	4.0	2297.90	13.92	47	96   94	240.00  116.50  180.00	137	39	FEEPI	MS	2.500	0.500	30.00	90.000	47
30	1	7	T1w		8.28	2.27	1	256  256	256.00  256.00  170.00	1	170	T1TFE	3D	1.000	0.000	3.88	8.000	256
30	1	8	bold	5.0	2297.90	13.92	47	96   94	240.00  116.50  180.00	137	39	FEEPI	MS	2.500	0.500	30.00	90.000	47
30	1	9	bold	6.0	2297.90	13.92	47	96   94	240.00  116.50  180.00	137	39	FEEPI	MS	2.500	0.500	30.00	90.000	47
30	1	10	bold	7.0	2297.90	13.92	47	96   94	240.00  116.50  180.00	137	39	FEEPI	MS	2.500	0.500	30.00	90.000	47
30	1	11	bold	8.0	2297.90	13.92	47	96   94	240.00  116.50  180.00	137	39	FEEPI	MS	2.500	0.500	30.00	90.000	47
30	2	2	T1w		8.28	2.27	1	256  256	256.00  256.00  170.00	1	170	T1TFE	3D	1.000	0.000	3.88	8.000	256
30	2	3	bold	1.0	2297.90	13.92	47	96   94	240.00  116.50  180.00	137	39	FEEPI	MS	2.500	0.500	30.00	90.000	47
30	2	4	bold	2.0	2297.90	13.92	47	96   94	240.00  116.50  180.00	137	39	FEEPI	MS	2.500	0.500	30.00	90.000	47
30	2	5	bold	3.0	2297.90	13.92	47	96   94	240.00  116.50  180.00	137	39	FEEPI	MS	2.500	0.500	30.00	90.000	47
30	2	6	bold	4.0	2297.90	13.92	47	96   94	240.00  116.50  180.00	137	39	FEEPI	MS	2.500	0.500	30.00	90.000	47
30	2	7	T1w		8.28	2.27	1	256  256	256.00  256.00  170.00	1	170	T1TFE	3D	1.000	0.000	3.88	8.000	256
30	2	8	bold	5.0	2297.90	13.92	47	96   94	240.00  116.50  180.00	137	39	FEEPI	MS	2.500	0.500	30.00	90.000	47
30	2	9	bold	6.0	2297.90	13.92	47	96   94	240.00  116.50  180.00	137	39	FEEPI	MS	2.500	0.500	30.00	90.000	47
30	2	10	bold	7.0	2297.90	13.92	47	96   94	240.00  116.50  180.00	137	39	FEEPI	MS	2.500	0.500	30.00	90.000	47
30	2	11	bold	8.0	2297.90	13.92	47	96   94	240.00  116.50  180.00	137	39	FEEPI	MS	2.500	0.500	30.00	90.000	47
31	1	2	T1w		8.28	2.27	1	256  256	256.00  256.00  170.00	1	170	T1TFE	3D	1.000	0.000	3.88	8.000	256
31	1	3	bold	1.0	2297.90	13.92	47	96   94	240.00  116.50  180.00	137	39	FEEPI	MS	2.500	0.500	30.00	90.000	47
31	1	4	bold	2.0	2297.90	13.92	47	96   94	240.00  116.50  180.00	137	39	FEEPI	MS	2.500	0.500	30.00	90.000	47
31	1	5	bold	3.0	2297.90	13.92	47	96   94	240.00  116.50  180.00	137	39	FEEPI	MS	2.500	0.500	30.00	90.000	47
31	1	6	bold	4.0	2297.90	13.92	47	96   94	240.00  116.50  180.00	137	39	FEEPI	MS	2.500	0.500	30.00	90.000	47
31	1	7	T1w		8.28	2.27	1	256  256	256.00  256.00  170.00	1	170	T1TFE	3D	1.000	0.000	3.88	8.000	256
31	1	8	T1w		8.28	2.27	1	256  256	256.00  256.00  170.00	1	170	T1TFE	3D	1.000	0.000	3.88	8.000	256
31	1	9	bold	5.0	2297.90	13.92	47	96   94	240.00  116.50  180.00	137	39	FEEPI	MS	2.500	0.500	30.00	90.000	47
31	1	10	bold	6.0	2297.90	13.92	47	96   94	240.00  116.50  180.00	137	39	FEEPI	MS	2.500	0.500	30.00	90.000	47
31	1	11	bold	7.0	2297.90	13.92	47	96   94	240.00  116.50  180.00	137	39	FEEPI	MS	2.500	0.500	30.00	90.000	47
31	1	12	bold	8.0	2297.90	13.92	47	96   94	240.00  116.50  180.00	137	39	FEEPI	MS	2.500	0.500	30.00	90.000	47
31	2	2	T1w		8.28	2.27	1	256  256	256.00  256.00  170.00	1	170	T1TFE	3D	1.000	0.000	3.88	8.000	256
31	2	3	bold	1.0	2297.90	13.92	47	96   94	240.00  116.50  180.00	137	39	FEEPI	MS	2.500	0.500	30.00	90.000	47
31	2	4	bold	2.0	2297.90	13.92	47	96   94	240.00  116.50  180.00	137	39	FEEPI	MS	2.500	0.500	30.00	90.000	47
31	2	5	bold	3.0	2297.90	13.92	47	96   94	240.00  116.50  180.00	137	39	FEEPI	MS	2.500	0.500	30.00	90.000	47
31	2	6	bold	4.0	2297.90	13.92	47	96   94	240.00  116.50  180.00	137	39	FEEPI	MS	2.500	0.500	30.00	90.000	47
31	2	7	T1w		8.28	2.27	1	256  256	256.00  256.00  170.00	1	170	T1TFE	3D	1.000	0.000	3.88	8.000	256
31	2	8	bold	5.0	2297.90	13.92	47	96   94	240.00  116.50  180.00	137	39	FEEPI	MS	2.500	0.500	30.00	90.000	47
31	2	9	bold	6.0	2297.90	13.92	47	96   94	240.00  116.50  180.00	137	39	FEEPI	MS	2.500	0.500	30.00	90.000	47
31	2	10	bold	7.0	2297.90	13.92	47	96   94	240.00  116.50  180.00	137	39	FEEPI	MS	2.500	0.500	30.00	90.000	47
31	2	11	bold	8.0	2297.90	13.92	47	96   94	240.00  116.50  180.00	137	39	FEEPI	MS	2.500	0.500	30.00	90.000	47
32	1	2	T1w		8.28	2.27	1	256  256	256.00  256.00  170.00	1	170	T1TFE	3D	1.000	0.000	3.88	8.000	256
32	1	3	bold	1.0	2297.90	13.92	47	96   94	240.00  116.50  180.00	137	39	FEEPI	MS	2.500	0.500	30.00	90.000	47
32	1	4	bold	2.0	2297.90	13.92	47	96   94	240.00  116.50  180.00	137	39	FEEPI	MS	2.500	0.500	30.00	90.000	47
32	1	5	bold	3.0	2297.90	13.92	47	96   94	240.00  116.50  180.00	137	39	FEEPI	MS	2.500	0.500	30.00	90.000	47
32	1	6	bold	4.0	2297.90	13.92	47	96   94	240.00  116.50  180.00	137	39	FEEPI	MS	2.500	0.500	30.00	90.000	47
32	1	7	T1w		8.28	2.27	1	256  256	256.00  256.00  170.00	1	170	T1TFE	3D	1.000	0.000	3.88	8.000	256
32	1	8	bold	5.0	2297.90	13.92	47	96   94	240.00  116.50  180.00	137	39	FEEPI	MS	2.500	0.500	30.00	90.000	47
32	1	9	bold	6.0	2297.90	13.92	47	96   94	240.00  116.50  180.00	137	39	FEEPI	MS	2.500	0.500	30.00	90.000	47
32	1	10	bold	7.0	2297.90	13.92	47	96   94	240.00  116.50  180.00	137	39	FEEPI	MS	2.500	0.500	30.00	90.000	47
32	1	11	bold	8.0	2297.90	13.92	47	96   94	240.00  116.50  180.00	137	39	FEEPI	MS	2.500	0.500	30.00	90.000	47
32	2	2	T1w		8.28	2.27	1	256  256	256.00  256.00  170.00	1	170	T1TFE	3D	1.000	0.000	3.88	8.000	256
32	2	3	bold	1.0	2297.90	13.92	47	96   94	240.00  116.50  180.00	137	39	FEEPI	MS	2.500	0.500	30.00	90.000	47
32	2	4	bold	2.0	2297.90	13.92	47	96   94	240.00  116.50  180.00	137	39	FEEPI	MS	2.500	0.500	30.00	90.000	47
32	2	5	bold	3.0	2297.90	13.92	47	96   94	240.00  116.50  180.00	137	39	FEEPI	MS	2.500	0.500	30.00	90.000	47
32	2	6	bold	4.0	2297.90	13.92	47	96   94	240.00  116.50  180.00	137	39	FEEPI	MS	2.500	0.500	30.00	90.000	47
32	2	7	T1w		8.28	2.27	1	256  256	256.00  256.00  170.00	1	170	T1TFE	3D	1.000	0.000	3.88	8.000	256
32	2	8	bold	5.0	2297.90	13.92	47	96   94	240.00  116.50  180.00	137	39	FEEPI	MS	2.500	0.500	30.00	90.000	47
32	2	9	bold	6.0	2297.90	13.92	47	96   94	240.00  116.50  180.00	137	39	FEEPI	MS	2.500	0.500	30.00	90.000	47
32	2	10	bold	7.0	2297.90	13.92	47	96   94	240.00  116.50  180.00	137	39	FEEPI	MS	2.500	0.500	30.00	90.000	47
32	2	11	bold	8.0	2297.90	13.92	47	96   94	240.00  116.50  180.00	137	39	FEEPI	MS	2.500	0.500	30.00	90.000	47
33	1	3	T1w		8.28	2.27	1	256  256	256.00  256.00  170.00	1	170	T1TFE	3D	1.000	0.000	3.88	8.000	256
33	1	4	bold	1.0	2297.90	13.92	47	96   94	240.00  116.50  180.00	137	39	FEEPI	MS	2.500	0.500	30.00	90.000	47
33	1	5	bold	2.0	2297.90	13.92	47	96   94	240.00  116.50  180.00	137	39	FEEPI	MS	2.500	0.500	30.00	90.000	47
33	1	6	bold	3.0	2297.90	13.92	47	96   94	240.00  116.50  180.00	137	39	FEEPI	MS	2.500	0.500	30.00	90.000	47
33	1	7	bold	4.0	2297.90	13.92	47	96   94	240.00  116.50  180.00	137	39	FEEPI	MS	2.500	0.500	30.00	90.000	47
33	1	8	T1w		8.28	2.27	1	256  256	256.00  256.00  170.00	1	170	T1TFE	3D	1.000	0.000	3.88	8.000	256
33	1	9	bold	5.0	2297.90	13.92	47	96   94	240.00  116.50  180.00	137	39	FEEPI	MS	2.500	0.500	30.00	90.000	47
33	1	10	bold	6.0	2297.90	13.92	47	96   94	240.00  116.50  180.00	137	39	FEEPI	MS	2.500	0.500	30.00	90.000	47
33	1	11	bold	7.0	2297.90	13.92	47	96   94	240.00  116.50  180.00	137	39	FEEPI	MS	2.500	0.500	30.00	90.000	47
33	1	12	bold	8.0	2297.90	13.92	47	96   94	240.00  116.50  180.00	137	39	FEEPI	MS	2.500	0.500	30.00	90.000	47
33	2	2	T1w		8.28	2.27	1	256  256	256.00  256.00  170.00	1	170	T1TFE	3D	1.000	0.000	3.88	8.000	256
33	2	3	bold	1.0	2297.90	13.92	47	96   94	240.00  116.50  180.00	137	39	FEEPI	MS	2.500	0.500	30.00	90.000	47
33	2	4	bold	2.0	2297.90	13.92	47	96   94	240.00  116.50  180.00	137	39	FEEPI	MS	2.500	0.500	30.00	90.000	47
33	2	5	bold	3.0	2297.90	13.92	47	96   94	240.00  116.50  180.00	137	39	FEEPI	MS	2.500	0.500	30.00	90.000	47
33	2	6	bold	4.0	2297.90	13.92	47	96   94	240.00  116.50  180.00	137	39	FEEPI	MS	2.500	0.500	30.00	90.000	47
33	2	7	T1w		8.28	2.27	1	256  256	256.00  256.00  170.00	1	170	T1TFE	3D	1.000	0.000	3.88	8.000	256
33	2	8	bold	5.0	2297.90	13.92	47	96   94	240.00  116.50  180.00	137	39	FEEPI	MS	2.500	0.500	30.00	90.000	47
33	2	9	bold	6.0	2297.90	13.92	47	96   94	240.00  116.50  180.00	137	39	FEEPI	MS	2.500	0.500	30.00	90.000	47
33	2	10	bold	7.0	2297.90	13.92	47	96   94	240.00  116.50  180.00	137	39	FEEPI	MS	2.500	0.500	30.00	90.000	47
33	2	11	bold	8.0	2297.90	13.92	47	96   94	240.00  116.50  180.00	137	39	FEEPI	MS	2.500	0.500	30.00	90.000	47
34	1	2	T1w		8.28	2.27	1	256  256	256.00  256.00  170.00	1	170	T1TFE	3D	1.000	0.000	3.88	8.000	256
34	1	3	bold	1.0	2297.90	13.92	47	96   94	240.00  116.50  180.00	137	39	FEEPI	MS	2.500	0.500	30.00	90.000	47
34	1	4	bold	2.0	2297.90	13.92	47	96   94	240.00  116.50  180.00	137	39	FEEPI	MS	2.500	0.500	30.00	90.000	47
34	1	5	bold	3.0	2297.90	13.92	47	96   94	240.00  116.50  180.00	137	39	FEEPI	MS	2.500	0.500	30.00	90.000	47
34	1	6	bold	4.0	2297.90	13.92	47	96   94	240.00  116.50  180.00	137	39	FEEPI	MS	2.500	0.500	30.00	90.000	47
34	1	7	T1w		8.28	2.27	1	256  256	256.00  256.00  170.00	1	170	T1TFE	3D	1.000	0.000	3.88	8.000	256
34	1	8	bold	5.0	2297.90	13.92	47	96   94	240.00  116.50  180.00	137	39	FEEPI	MS	2.500	0.500	30.00	90.000	47
34	1	9	bold	6.0	2297.90	13.92	47	96   94	240.00  116.50  180.00	137	39	FEEPI	MS	2.500	0.500	30.00	90.000	47
34	1	10	bold	7.0	2297.90	13.92	47	96   94	240.00  116.50  180.00	137	39	FEEPI	MS	2.500	0.500	30.00	90.000	47
34	1	11	bold	8.0	2297.90	13.92	47	96   94	240.00  116.50  180.00	137	39	FEEPI	MS	2.500	0.500	30.00	90.000	47
34	2	2	T1w		8.28	2.27	1	256  256	256.00  256.00  170.00	1	170	T1TFE	3D	1.000	0.000	3.88	8.000	256
34	2	3	bold	1.0	2297.90	13.92	47	96   94	240.00  116.50  180.00	137	39	FEEPI	MS	2.500	0.500	30.00	90.000	47
34	2	4	bold	2.0	2297.90	13.92	47	96   94	240.00  116.50  180.00	137	39	FEEPI	MS	2.500	0.500	30.00	90.000	47
34	2	5	bold	3.0	2297.90	13.92	47	96   94	240.00  116.50  180.00	137	39	FEEPI	MS	2.500	0.500	30.00	90.000	47
34	2	6	bold	4.0	2297.90	13.92	47	96   94	240.00  116.50  180.00	137	39	FEEPI	MS	2.500	0.500	30.00	90.000	47
34	2	7	T1w		8.28	2.27	1	256  256	256.00  256.00  170.00	1	170	T1TFE	3D	1.000	0.000	3.88	8.000	256
34	2	8	bold	5.0	2297.90	13.92	47	96   94	240.00  116.50  180.00	137	39	FEEPI	MS	2.500	0.500	30.00	90.000	47
34	2	9	bold	6.0	2297.90	13.92	47	96   94	240.00  116.50  180.00	137	39	FEEPI	MS	2.500	0.500	30.00	90.000	47
34	2	10	bold	7.0	2297.90	13.92	47	96   94	240.00  116.50  180.00	137	39	FEEPI	MS	2.500	0.500	30.00	90.000	47
34	2	11	bold	8.0	2297.90	13.92	47	96   94	240.00  116.50  180.00	137	39	FEEPI	MS	2.500	0.500	30.00	90.000	47
35	1	2	T1w		8.28	2.27	1	256  256	256.00  256.00  170.00	1	170	T1TFE	3D	1.000	0.000	3.88	8.000	256
35	1	3	bold	1.0	2297.90	13.92	47	96   94	240.00  116.50  180.00	137	39	FEEPI	MS	2.500	0.500	30.00	90.000	47
35	1	4	bold	2.0	2297.90	13.92	47	96   94	240.00  116.50  180.00	137	39	FEEPI	MS	2.500	0.500	30.00	90.000	47
35	1	5	bold	3.0	2297.90	13.92	47	96   94	240.00  116.50  180.00	137	39	FEEPI	MS	2.500	0.500	30.00	90.000	47
35	1	6	bold	4.0	2297.90	13.92	47	96   94	240.00  116.50  180.00	137	39	FEEPI	MS	2.500	0.500	30.00	90.000	47
35	1	7	T1w		8.28	2.27	1	256  256	256.00  256.00  170.00	1	170	T1TFE	3D	1.000	0.000	3.88	8.000	256
35	1	8	bold	5.0	2297.90	13.92	47	96   94	240.00  116.50  180.00	137	39	FEEPI	MS	2.500	0.500	30.00	90.000	47
35	1	9	bold	6.0	2297.90	13.92	47	96   94	240.00  116.50  180.00	137	39	FEEPI	MS	2.500	0.500	30.00	90.000	47
35	1	10	bold	7.0	2297.90	13.92	47	96   94	240.00  116.50  180.00	137	39	FEEPI	MS	2.500	0.500	30.00	90.000	47
35	1	11	bold	8.0	2297.90	13.92	47	96   94	240.00  116.50  180.00	137	39	FEEPI	MS	2.500	0.500	30.00	90.000	47
35	2	3	T1w		8.28	2.27	1	256  256	256.00  256.00  170.00	1	170	T1TFE	3D	1.000	0.000	3.88	8.000	256
35	2	4	bold	1.0	2297.90	13.92	47	96   94	240.00  116.50  180.00	137	39	FEEPI	MS	2.500	0.500	30.00	90.000	47
35	2	5	bold	2.0	2297.90	13.92	47	96   94	240.00  116.50  180.00	137	39	FEEPI	MS	2.500	0.500	30.00	90.000	47
35	2	6	bold	3.0	2297.90	13.92	47	96   94	240.00  116.50  180.00	137	39	FEEPI	MS	2.500	0.500	30.00	90.000	47
35	2	7	bold	4.0	2297.90	13.92	47	96   94	240.00  116.50  180.00	137	39	FEEPI	MS	2.500	0.500	30.00	90.000	47
35	2	8	T1w		8.28	2.27	1	256  256	256.00  256.00  170.00	1	170	T1TFE	3D	1.000	0.000	3.88	8.000	256
35	2	9	bold	5.0	2297.90	13.92	47	96   94	240.00  116.50  180.00	137	39	FEEPI	MS	2.500	0.500	30.00	90.000	47
35	2	10	bold	6.0	2297.90	13.92	47	96   94	240.00  116.50  180.00	137	39	FEEPI	MS	2.500	0.500	30.00	90.000	47
35	2	11	bold	7.0	2297.90	13.92	47	96   94	240.00  116.50  180.00	137	39	FEEPI	MS	2.500	0.500	30.00	90.000	47
35	2	12	bold	8.0	2297.90	13.92	47	96   94	240.00  116.50  180.00	137	39	FEEPI	MS	2.500	0.500	30.00	90.000	47
36	1	2	T1w		8.28	2.27	1	256  256	256.00  256.00  170.00	1	170	T1TFE	3D	1.000	0.000	3.88	8.000	256
36	1	3	bold	1.0	2297.90	13.92	47	96   94	240.00  116.50  180.00	137	39	FEEPI	MS	2.500	0.500	30.00	90.000	47
36	1	4	bold	2.0	2297.90	13.92	47	96   94	240.00  116.50  180.00	137	39	FEEPI	MS	2.500	0.500	30.00	90.000	47
36	1	5	bold	3.0	2297.90	13.92	47	96   94	240.00  116.50  180.00	137	39	FEEPI	MS	2.500	0.500	30.00	90.000	47
36	1	6	bold	4.0	2297.90	13.92	47	96   94	240.00  116.50  180.00	137	39	FEEPI	MS	2.500	0.500	30.00	90.000	47
36	1	7	T1w		8.28	2.27	1	256  256	256.00  256.00  170.00	1	170	T1TFE	3D	1.000	0.000	3.88	8.000	256
36	1	8	bold	5.0	2297.90	13.92	47	96   94	240.00  116.50  180.00	137	39	FEEPI	MS	2.500	0.500	30.00	90.000	47
36	1	9	bold	6.0	2297.90	13.92	47	96   94	240.00  116.50  180.00	137	39	FEEPI	MS	2.500	0.500	30.00	90.000	47
36	1	10	bold	7.0	2297.90	13.92	47	96   94	240.00  116.50  180.00	137	39	FEEPI	MS	2.500	0.500	30.00	90.000	47
36	1	11	bold	8.0	2297.90	13.92	47	96   94	240.00  116.50  180.00	137	39	FEEPI	MS	2.500	0.500	30.00	90.000	47
36	2	3	T1w		8.05	2.27	1	256  256	256.00  256.00  170.00	1	170	T1TFE	3D	1.000	0.000	3.68	8.000	256
36	2	4	bold	1.0	2286.09	13.95	47	96   94	240.00  116.50  180.00	137	39	FEEPI	MS	2.500	0.500	30.00	90.000	47
36	2	5	bold	2.0	2286.09	13.95	47	96   94	240.00  116.50  180.00	137	39	FEEPI	MS	2.500	0.500	30.00	90.000	47
36	2	6	bold	3.0	2286.09	13.95	47	96   94	240.00  116.50  180.00	137	39	FEEPI	MS	2.500	0.500	30.00	90.000	47
36	2	7	bold	4.0	2286.09	13.95	47	96   94	240.00  116.50  180.00	137	39	FEEPI	MS	2.500	0.500	30.00	90.000	47
36	2	8	T1w		8.05	2.27	1	256  256	256.00  256.00  170.00	1	170	T1TFE	3D	1.000	0.000	3.68	8.000	256
36	2	9	bold	5.0	2286.09	13.95	47	96   94	240.00  116.50  180.00	137	39	FEEPI	MS	2.500	0.500	30.00	90.000	47
36	2	10	bold	6.0	2286.09	13.95	47	96   94	240.00  116.50  180.00	137	39	FEEPI	MS	2.500	0.500	30.00	90.000	47
36	2	11	bold	7.0	2286.09	13.95	47	96   94	240.00  116.50  180.00	137	39	FEEPI	MS	2.500	0.500	30.00	90.000	47
36	2	12	bold	8.0	2286.09	13.95	47	96   94	240.00  116.50  180.00	137	39	FEEPI	MS	2.500	0.500	30.00	90.000	47
37	1	2	T1w		8.28	2.27	1	256  256	256.00  256.00  170.00	1	170	T1TFE	3D	1.000	0.000	3.88	8.000	256
37	1	3	bold	1.0	2297.90	13.92	47	96   94	240.00  116.50  180.00	137	39	FEEPI	MS	2.500	0.500	30.00	90.000	47
37	1	4	bold	2.0	2297.90	13.92	47	96   94	240.00  116.50  180.00	137	39	FEEPI	MS	2.500	0.500	30.00	90.000	47
37	1	5	bold	3.0	2297.90	13.92	47	96   94	240.00  116.50  180.00	137	39	FEEPI	MS	2.500	0.500	30.00	90.000	47
37	1	6	bold	4.0	2297.90	13.92	47	96   94	240.00  116.50  180.00	137	39	FEEPI	MS	2.500	0.500	30.00	90.000	47
37	1	7	T1w		8.28	2.27	1	256  256	256.00  256.00  170.00	1	170	T1TFE	3D	1.000	0.000	3.88	8.000	256
37	1	8	bold	5.0	2297.90	13.92	47	96   94	240.00  116.50  180.00	137	39	FEEPI	MS	2.500	0.500	30.00	90.000	47
37	1	9	bold	6.0	2297.90	13.92	47	96   94	240.00  116.50  180.00	137	39	FEEPI	MS	2.500	0.500	30.00	90.000	47
37	1	10	bold	7.0	2297.90	13.92	47	96   94	240.00  116.50  180.00	137	39	FEEPI	MS	2.500	0.500	30.00	90.000	47
37	1	11	bold	8.0	2297.90	13.92	47	96   94	240.00  116.50  180.00	137	39	FEEPI	MS	2.500	0.500	30.00	90.000	47
37	2	2	T1w		8.28	2.27	1	256  256	256.00  256.00  170.00	1	170	T1TFE	3D	1.000	0.000	3.88	8.000	256
37	2	3	bold	1.0	2297.90	13.92	47	96   94	240.00  116.50  180.00	137	39	FEEPI	MS	2.500	0.500	30.00	90.000	47
37	2	4	bold	2.0	2297.90	13.92	47	96   94	240.00  116.50  180.00	137	39	FEEPI	MS	2.500	0.500	30.00	90.000	47
37	2	5	bold	3.0	2297.90	13.92	47	96   94	240.00  116.50  180.00	137	39	FEEPI	MS	2.500	0.500	30.00	90.000	47
37	2	6	bold	4.0	2297.90	13.92	47	96   94	240.00  116.50  180.00	137	39	FEEPI	MS	2.500	0.500	30.00	90.000	47
37	2	7	T1w		8.28	2.27	1	256  256	256.00  256.00  170.00	1	170	T1TFE	3D	1.000	0.000	3.88	8.000	256
37	2	8	bold	5.0	2297.90	13.92	47	96   94	240.00  116.50  180.00	137	39	FEEPI	MS	2.500	0.500	30.00	90.000	47
37	2	9	bold	6.0	2297.90	13.92	47	96   94	240.00  116.50  180.00	137	39	FEEPI	MS	2.500	0.500	30.00	90.000	47
37	2	10	bold	7.0	2297.90	13.92	47	96   94	240.00  116.50  180.00	137	39	FEEPI	MS	2.500	0.500	30.00	90.000	47
37	2	11	bold	8.0	2297.90	13.92	47	96   94	240.00  116.50  180.00	137	39	FEEPI	MS	2.500	0.500	30.00	90.000	47
38	1	3	T1w		8.28	2.27	1	256  256	256.00  256.00  170.00	1	170	T1TFE	3D	1.000	0.000	3.88	8.000	256
38	1	4	bold	1.0	2297.90	13.92	47	96   94	240.00  116.50  180.00	137	39	FEEPI	MS	2.500	0.500	30.00	90.000	47
38	1	5	bold	2.0	2297.90	13.92	47	96   94	240.00  116.50  180.00	137	39	FEEPI	MS	2.500	0.500	30.00	90.000	47
38	1	6	bold	3.0	2297.90	13.92	47	96   94	240.00  116.50  180.00	137	39	FEEPI	MS	2.500	0.500	30.00	90.000	47
38	1	7	bold	4.0	2297.90	13.92	47	96   94	240.00  116.50  180.00	137	39	FEEPI	MS	2.500	0.500	30.00	90.000	47
38	1	8	T1w		8.28	2.27	1	256  256	256.00  256.00  170.00	1	170	T1TFE	3D	1.000	0.000	3.88	8.000	256
38	1	9	bold	5.0	2297.90	13.92	47	96   94	240.00  116.50  180.00	137	39	FEEPI	MS	2.500	0.500	30.00	90.000	47
38	1	10	bold	6.0	2297.90	13.92	47	96   94	240.00  116.50  180.00	137	39	FEEPI	MS	2.500	0.500	30.00	90.000	47
38	1	11	bold	7.0	2297.90	13.92	47	96   94	240.00  116.50  180.00	137	39	FEEPI	MS	2.500	0.500	30.00	90.000	47
38	1	12	bold	8.0	2297.90	13.92	47	96   94	240.00  116.50  180.00	137	39	FEEPI	MS	2.500	0.500	30.00	90.000	47
38	2	2	T1w		8.28	2.27	1	256  256	256.00  256.00  170.00	1	170	T1TFE	3D	1.000	0.000	3.88	8.000	256
38	2	3	bold	1.0	2297.90	13.92	47	96   94	240.00  116.50  180.00	137	39	FEEPI	MS	2.500	0.500	30.00	90.000	47
38	2	4	bold	2.0	2297.90	13.92	47	96   94	240.00  116.50  180.00	137	39	FEEPI	MS	2.500	0.500	30.00	90.000	47
38	2	5	bold	3.0	2297.90	13.92	47	96   94	240.00  116.50  180.00	137	39	FEEPI	MS	2.500	0.500	30.00	90.000	47
38	2	6	bold	4.0	2297.90	13.92	47	96   94	240.00  116.50  180.00	137	39	FEEPI	MS	2.500	0.500	30.00	90.000	47
38	2	7	T1w		8.28	2.27	1	256  256	256.00  256.00  170.00	1	170	T1TFE	3D	1.000	0.000	3.88	8.000	256
38	2	8	bold	5.0	2297.90	13.92	47	96   94	240.00  116.50  180.00	137	39	FEEPI	MS	2.500	0.500	30.00	90.000	47
38	2	9	bold	6.0	2297.90	13.92	47	96   94	240.00  116.50  180.00	137	39	FEEPI	MS	2.500	0.500	30.00	90.000	47
38	2	10	bold	7.0	2297.90	13.92	47	96   94	240.00  116.50  180.00	137	39	FEEPI	MS	2.500	0.500	30.00	90.000	47
38	2	11	bold	8.0	2297.90	13.92	47	96   94	240.00  116.50  180.00	137	39	FEEPI	MS	2.500	0.500	30.00	90.000	47
39	1	2	T1w		8.28	2.27	1	256  256	256.00  256.00  170.00	1	170	T1TFE	3D	1.000	0.000	3.88	8.000	256
39	1	3	bold	1.0	2297.90	13.92	47	96   94	240.00  116.50  180.00	137	39	FEEPI	MS	2.500	0.500	30.00	90.000	47
39	1	4	bold	2.0	2297.90	13.92	47	96   94	240.00  116.50  180.00	137	39	FEEPI	MS	2.500	0.500	30.00	90.000	47
39	1	5	bold	3.0	2297.90	13.92	47	96   94	240.00  116.50  180.00	137	39	FEEPI	MS	2.500	0.500	30.00	90.000	47
39	1	6	bold	4.0	2297.90	13.92	47	96   94	240.00  116.50  180.00	137	39	FEEPI	MS	2.500	0.500	30.00	90.000	47
39	1	7	T1w		8.28	2.27	1	256  256	256.00  256.00  170.00	1	170	T1TFE	3D	1.000	0.000	3.88	8.000	256
39	1	8	bold	5.0	2297.90	13.92	47	96   94	240.00  116.50  180.00	137	39	FEEPI	MS	2.500	0.500	30.00	90.000	47
39	1	9	bold	6.0	2297.90	13.92	47	96   94	240.00  116.50  180.00	137	39	FEEPI	MS	2.500	0.500	30.00	90.000	47
39	1	10	bold	7.0	2297.90	13.92	47	96   94	240.00  116.50  180.00	137	39	FEEPI	MS	2.500	0.500	30.00	90.000	47
39	1	11	bold	8.0	2297.90	13.92	47	96   94	240.00  116.50  180.00	137	39	FEEPI	MS	2.500	0.500	30.00	90.000	47
39	2	2	T1w		8.28	2.27	1	256  256	256.00  256.00  170.00	1	170	T1TFE	3D	1.000	0.000	3.88	8.000	256
39	2	3	bold	1.0	2297.90	13.92	47	96   94	240.00  116.50  180.00	137	39	FEEPI	MS	2.500	0.500	30.00	90.000	47
39	2	4	bold	2.0	2297.90	13.92	47	96   94	240.00  116.50  180.00	137	39	FEEPI	MS	2.500	0.500	30.00	90.000	47
39	2	5	bold	3.0	2297.90	13.92	47	96   94	240.00  116.50  180.00	137	39	FEEPI	MS	2.500	0.500	30.00	90.000	47
39	2	6	bold	4.0	2297.90	13.92	47	96   94	240.00  116.50  180.00	137	39	FEEPI	MS	2.500	0.500	30.00	90.000	47
39	2	7	T1w		8.28	2.27	1	256  256	256.00  256.00  170.00	1	170	T1TFE	3D	1.000	0.000	3.88	8.000	256
39	2	8	bold	5.0	2297.90	13.92	47	96   94	240.00  116.50  180.00	137	39	FEEPI	MS	2.500	0.500	30.00	90.000	47
39	2	9	bold	6.0	2297.90	13.92	47	96   94	240.00  116.50  180.00	137	39	FEEPI	MS	2.500	0.500	30.00	90.000	47
39	2	10	bold	7.0	2297.90	13.92	47	96   94	240.00  116.50  180.00	137	39	FEEPI	MS	2.500	0.500	30.00	90.000	47
39	2	11	bold	8.0	2297.90	13.92	47	96   94	240.00  116.50  180.00	137	39	FEEPI	MS	2.500	0.500	30.00	90.000	47
40	1	3	T1w		8.28	2.27	1	256  256	256.00  256.00  170.00	1	170	T1TFE	3D	1.000	0.000	3.88	8.000	256
40	1	4	bold	1.0	2297.90	13.92	47	96   94	240.00  116.50  180.00	137	39	FEEPI	MS	2.500	0.500	30.00	90.000	47
40	1	5	bold	2.0	2297.90	13.92	47	96   94	240.00  116.50  180.00	137	39	FEEPI	MS	2.500	0.500	30.00	90.000	47
40	1	6	bold	3.0	2297.90	13.92	47	96   94	240.00  116.50  180.00	137	39	FEEPI	MS	2.500	0.500	30.00	90.000	47
40	1	7	bold	4.0	2297.90	13.92	47	96   94	240.00  116.50  180.00	137	39	FEEPI	MS	2.500	0.500	30.00	90.000	47
40	1	8	T1w		8.28	2.27	1	256  256	256.00  256.00  170.00	1	170	T1TFE	3D	1.000	0.000	3.88	8.000	256
40	1	9	bold	5.0	2297.90	13.92	47	96   94	240.00  116.50  180.00	137	39	FEEPI	MS	2.500	0.500	30.00	90.000	47
40	1	10	bold	6.0	2297.90	13.92	47	96   94	240.00  116.50  180.00	137	39	FEEPI	MS	2.500	0.500	30.00	90.000	47
40	1	11	bold	7.0	2297.90	13.92	47	96   94	240.00  116.50  180.00	137	39	FEEPI	MS	2.500	0.500	30.00	90.000	47
40	1	12	bold	8.0	2297.90	13.92	47	96   94	240.00  116.50  180.00	137	39	FEEPI	MS	2.500	0.500	30.00	90.000	47
40	2	2	T1w		8.28	2.27	1	256  256	256.00  256.00  170.00	1	170	T1TFE	3D	1.000	0.000	3.88	8.000	256
40	2	3	bold	1.0	2297.90	13.92	47	96   94	240.00  116.50  180.00	137	39	FEEPI	MS	2.500	0.500	30.00	90.000	47
40	2	4	bold	2.0	2297.90	13.92	47	96   94	240.00  116.50  180.00	137	39	FEEPI	MS	2.500	0.500	30.00	90.000	47
40	2	5	bold	3.0	2297.90	13.92	47	96   94	240.00  116.50  180.00	137	39	FEEPI	MS	2.500	0.500	30.00	90.000	47
40	2	6	bold	4.0	2297.90	13.92	47	96   94	240.00  116.50  180.00	137	39	FEEPI	MS	2.500	0.500	30.00	90.000	47
40	2	7	T1w		8.28	2.27	1	256  256	256.00  256.00  170.00	1	170	T1TFE	3D	1.000	0.000	3.88	8.000	256
40	2	8	bold	5.0	2297.90	13.92	47	96   94	240.00  116.50  180.00	137	39	FEEPI	MS	2.500	0.500	30.00	90.000	47
40	2	9	bold	6.0	2297.90	13.92	47	96   94	240.00  116.50  180.00	137	39	FEEPI	MS	2.500	0.500	30.00	90.000	47
40	2	10	bold	7.0	2297.90	13.92	47	96   94	240.00  116.50  180.00	137	39	FEEPI	MS	2.500	0.500	30.00	90.000	47
40	2	11	bold	8.0	2297.90	13.92	47	96   94	240.00  116.50  180.00	137	39	FEEPI	MS	2.500	0.500	30.00	90.000	47
41	1	2	T1w		8.28	2.27	1	256  256	256.00  256.00  170.00	1	170	T1TFE	3D	1.000	0.000	3.88	8.000	256
41	1	3	bold	1.0	2297.90	13.92	47	96   94	240.00  116.50  180.00	137	39	FEEPI	MS	2.500	0.500	30.00	90.000	47
41	1	4	bold	2.0	2297.90	13.92	47	96   94	240.00  116.50  180.00	137	39	FEEPI	MS	2.500	0.500	30.00	90.000	47
41	1	5	bold	3.0	2297.90	13.92	47	96   94	240.00  116.50  180.00	137	39	FEEPI	MS	2.500	0.500	30.00	90.000	47
41	1	6	bold	4.0	2297.90	13.92	47	96   94	240.00  116.50  180.00	137	39	FEEPI	MS	2.500	0.500	30.00	90.000	47
41	1	7	T1w		8.28	2.27	1	256  256	256.00  256.00  170.00	1	170	T1TFE	3D	1.000	0.000	3.88	8.000	256
41	1	8	bold	5.0	2297.90	13.92	47	96   94	240.00  116.50  180.00	137	39	FEEPI	MS	2.500	0.500	30.00	90.000	47
41	1	9	bold	6.0	2297.90	13.92	47	96   94	240.00  116.50  180.00	137	39	FEEPI	MS	2.500	0.500	30.00	90.000	47
41	1	10	bold	7.0	2297.90	13.92	47	96   94	240.00  116.50  180.00	137	39	FEEPI	MS	2.500	0.500	30.00	90.000	47
41	1	11	bold	8.0	2297.90	13.92	47	96   94	240.00  116.50  180.00	137	39	FEEPI	MS	2.500	0.500	30.00	90.000	47
41	2	2	T1w		8.05	2.27	1	256  256	256.00  256.00  170.00	1	170	T1TFE	3D	1.000	0.000	3.68	8.000	256
41	2	3	bold	1.0	2286.09	13.95	47	96   94	240.00  116.50  180.00	137	39	FEEPI	MS	2.500	0.500	30.00	90.000	47
41	2	4	bold	2.0	2286.09	13.95	47	96   94	240.00  116.50  180.00	137	39	FEEPI	MS	2.500	0.500	30.00	90.000	47
41	2	5	bold	3.0	2286.09	13.95	47	96   94	240.00  116.50  180.00	137	39	FEEPI	MS	2.500	0.500	30.00	90.000	47
41	2	6	bold	4.0	2286.09	13.95	47	96   94	240.00  116.50  180.00	137	39	FEEPI	MS	2.500	0.500	30.00	90.000	47
41	2	7	T1w		8.05	2.27	1	256  256	256.00  256.00  170.00	1	170	T1TFE	3D	1.000	0.000	3.68	8.000	256
41	2	8	bold	5.0	2286.09	13.95	47	96   94	240.00  116.50  180.00	137	39	FEEPI	MS	2.500	0.500	30.00	90.000	47
41	2	9	bold	6.0	2286.09	13.95	47	96   94	240.00  116.50  180.00	137	39	FEEPI	MS	2.500	0.500	30.00	90.000	47
41	2	10	bold	7.0	2286.09	13.95	47	96   94	240.00  116.50  180.00	137	39	FEEPI	MS	2.500	0.500	30.00	90.000	47
41	2	11	bold	8.0	2286.09	13.95	47	96   94	240.00  116.50  180.00	137	39	FEEPI	MS	2.500	0.500	30.00	90.000	47
